"﻿""Frequentie,""""Datum"""",""""Uitgevoerd door"""",""""Taak"""",""""Afgevinkt"""",""""Tijdstip"""",""""Opmerking"""""""
"dagelijks,""01/01/2026"",""Yorick"",""Werkbladen en snijplanken reinigen en desinfecteren"",""Gedaan"",""22:13"","""""
"dagelijks,""01/01/2026"",""Yorick"",""Kookapparatuur (fornuis, oven, grill) schoonmaken"",""Gedaan"",""22:13"","""""
"dagelijks,""01/01/2026"",""Yorick"",""Vloeren schrobben"",""Gedaan"",""22:13"","""""
"dagelijks,""01/01/2026"",""Yorick"",""Koelkasten controleren en morsen verwijderen"",""Gedaan"",""22:13"","""""
"dagelijks,""01/01/2026"",""Yorick"",""Afvalbakken legen en reinigen"",""Gedaan"",""22:13"","""""
"dagelijks,""01/01/2026"",""Yorick"",""Handwasbakjes schoonmaken en bijvullen (zeep, papier)"",""Gedaan"",""22:13"","""""
"dagelijks,""01/01/2026"",""Yorick"",""Vaatwas station schoonmaken en alle vaatwas wegruimen"",""Gedaan"",""22:13"","""""
"dagelijks,""02/01/2026"",""Yorick"",""Werkbladen en snijplanken reinigen en desinfecteren"",""Gedaan"",""22:01"","""""
"dagelijks,""02/01/2026"",""Yorick"",""Kookapparatuur (fornuis, oven, grill) schoonmaken"",""Gedaan"",""22:01"","""""
"dagelijks,""02/01/2026"",""Yorick"",""Vloeren schrobben"",""Gedaan"",""22:01"","""""
"dagelijks,""02/01/2026"",""Yorick"",""Koelkasten controleren en morsen verwijderen"",""Gedaan"",""22:01"","""""
"dagelijks,""02/01/2026"",""Yorick"",""Afvalbakken legen en reinigen"",""Gedaan"",""22:01"","""""
"dagelijks,""02/01/2026"",""Yorick"",""Handwasbakjes schoonmaken en bijvullen (zeep, papier)"",""Gedaan"",""22:01"","""""
"dagelijks,""02/01/2026"",""Yorick"",""Vaatwas station schoonmaken en alle vaatwas wegruimen"",""Gedaan"",""22:01"","""""
"dagelijks,""03/01/2026"",""Yorick"",""Werkbladen en snijplanken reinigen en desinfecteren"",""Gedaan"",""21:38"","""""
"dagelijks,""03/01/2026"",""Yorick"",""Kookapparatuur (fornuis, oven, grill) schoonmaken"",""Gedaan"",""21:38"","""""
"dagelijks,""03/01/2026"",""Yorick"",""Vloeren schrobben"",""Gedaan"",""21:38"","""""
"dagelijks,""03/01/2026"",""Yorick"",""Koelkasten controleren en morsen verwijderen"",""Gedaan"",""21:38"","""""
"dagelijks,""03/01/2026"",""Yorick"",""Afvalbakken legen en reinigen"",""Gedaan"",""21:38"","""""
"dagelijks,""03/01/2026"",""Yorick"",""Handwasbakjes schoonmaken en bijvullen (zeep, papier)"",""Gedaan"",""21:38"","""""
"dagelijks,""03/01/2026"",""Yorick"",""Vaatwas station schoonmaken en alle vaatwas wegruimen"",""Gedaan"",""21:38"","""""
"dagelijks,""04/01/2026"",""Yorick"",""Werkbladen en snijplanken reinigen en desinfecteren"",""Gedaan"",""22:56"","""""
"dagelijks,""04/01/2026"",""Yorick"",""Kookapparatuur (fornuis, oven, grill) schoonmaken"",""Gedaan"",""22:56"","""""
"dagelijks,""04/01/2026"",""Yorick"",""Vloeren schrobben"",""Gedaan"",""22:56"","""""
"dagelijks,""04/01/2026"",""Yorick"",""Koelkasten controleren en morsen verwijderen"",""Gedaan"",""22:56"","""""
"dagelijks,""04/01/2026"",""Yorick"",""Afvalbakken legen en reinigen"",""Gedaan"",""22:56"","""""
"dagelijks,""04/01/2026"",""Yorick"",""Handwasbakjes schoonmaken en bijvullen (zeep, papier)"",""Gedaan"",""22:56"","""""
"dagelijks,""04/01/2026"",""Yorick"",""Vaatwas station schoonmaken en alle vaatwas wegruimen"",""Gedaan"",""22:56"","""""
"dagelijks,""05/01/2026"",""Yorick"",""Werkbladen en snijplanken reinigen en desinfecteren"",""Gedaan"",""22:46"","""""
"dagelijks,""05/01/2026"",""Yorick"",""Kookapparatuur (fornuis, oven, grill) schoonmaken"",""Gedaan"",""22:46"","""""
"dagelijks,""05/01/2026"",""Yorick"",""Vloeren schrobben"",""Gedaan"",""22:46"","""""
"dagelijks,""05/01/2026"",""Yorick"",""Koelkasten controleren en morsen verwijderen"",""Gedaan"",""22:46"","""""
"dagelijks,""05/01/2026"",""Yorick"",""Afvalbakken legen en reinigen"",""Gedaan"",""22:46"","""""
"dagelijks,""05/01/2026"",""Yorick"",""Handwasbakjes schoonmaken en bijvullen (zeep, papier)"",""Gedaan"",""22:46"","""""
"dagelijks,""05/01/2026"",""Yorick"",""Vaatwas station schoonmaken en alle vaatwas wegruimen"",""Gedaan"",""22:46"","""""
"dagelijks,""06/01/2026"",""Yorick"",""Werkbladen en snijplanken reinigen en desinfecteren"",""Gedaan"",""20:46"","""""
"dagelijks,""06/01/2026"",""Yorick"",""Kookapparatuur (fornuis, oven, grill) schoonmaken"",""Gedaan"",""20:46"","""""
"dagelijks,""06/01/2026"",""Yorick"",""Vloeren schrobben"",""Gedaan"",""20:46"","""""
"dagelijks,""06/01/2026"",""Yorick"",""Koelkasten controleren en morsen verwijderen"",""Gedaan"",""20:46"","""""
"dagelijks,""06/01/2026"",""Yorick"",""Afvalbakken legen en reinigen"",""Gedaan"",""20:46"","""""
"dagelijks,""06/01/2026"",""Yorick"",""Handwasbakjes schoonmaken en bijvullen (zeep, papier)"",""Gedaan"",""20:46"","""""
"dagelijks,""06/01/2026"",""Yorick"",""Vaatwas station schoonmaken en alle vaatwas wegruimen"",""Gedaan"",""20:46"","""""
"dagelijks,""07/01/2026"",""Yorick"",""Werkbladen en snijplanken reinigen en desinfecteren"",""Gedaan"",""22:36"","""""
"dagelijks,""07/01/2026"",""Yorick"",""Kookapparatuur (fornuis, oven, grill) schoonmaken"",""Gedaan"",""22:36"","""""
"dagelijks,""07/01/2026"",""Yorick"",""Vloeren schrobben"",""Gedaan"",""22:36"","""""
"dagelijks,""07/01/2026"",""Yorick"",""Koelkasten controleren en morsen verwijderen"",""Gedaan"",""22:36"","""""
"dagelijks,""07/01/2026"",""Yorick"",""Afvalbakken legen en reinigen"",""Gedaan"",""22:36"","""""
"dagelijks,""07/01/2026"",""Yorick"",""Handwasbakjes schoonmaken en bijvullen (zeep, papier)"",""Gedaan"",""22:36"","""""
"dagelijks,""07/01/2026"",""Yorick"",""Vaatwas station schoonmaken en alle vaatwas wegruimen"",""Gedaan"",""22:36"","""""
"dagelijks,""08/01/2026"",""Yorick"",""Werkbladen en snijplanken reinigen en desinfecteren"",""Gedaan"",""20:57"","""""
"dagelijks,""08/01/2026"",""Yorick"",""Kookapparatuur (fornuis, oven, grill) schoonmaken"",""Gedaan"",""20:57"","""""
"dagelijks,""08/01/2026"",""Yorick"",""Vloeren schrobben"",""Gedaan"",""20:57"","""""
"dagelijks,""08/01/2026"",""Yorick"",""Koelkasten controleren en morsen verwijderen"",""Gedaan"",""20:57"","""""
"dagelijks,""08/01/2026"",""Yorick"",""Afvalbakken legen en reinigen"",""Gedaan"",""20:57"","""""
"dagelijks,""08/01/2026"",""Yorick"",""Handwasbakjes schoonmaken en bijvullen (zeep, papier)"",""Gedaan"",""20:57"","""""
"dagelijks,""08/01/2026"",""Yorick"",""Vaatwas station schoonmaken en alle vaatwas wegruimen"",""Gedaan"",""20:57"","""""
"dagelijks,""09/01/2026"",""Yorick"",""Werkbladen en snijplanken reinigen en desinfecteren"",""Gedaan"",""22:18"","""""
"dagelijks,""09/01/2026"",""Yorick"",""Kookapparatuur (fornuis, oven, grill) schoonmaken"",""Gedaan"",""22:18"","""""
"dagelijks,""09/01/2026"",""Yorick"",""Vloeren schrobben"",""Gedaan"",""22:18"","""""
"dagelijks,""09/01/2026"",""Yorick"",""Koelkasten controleren en morsen verwijderen"",""Gedaan"",""22:18"","""""
"dagelijks,""09/01/2026"",""Yorick"",""Afvalbakken legen en reinigen"",""Gedaan"",""22:18"","""""
"dagelijks,""09/01/2026"",""Yorick"",""Handwasbakjes schoonmaken en bijvullen (zeep, papier)"",""Gedaan"",""22:18"","""""
"dagelijks,""09/01/2026"",""Yorick"",""Vaatwas station schoonmaken en alle vaatwas wegruimen"",""Gedaan"",""22:18"","""""
"dagelijks,""10/01/2026"",""Yorick"",""Werkbladen en snijplanken reinigen en desinfecteren"",""Gedaan"",""22:47"","""""
"dagelijks,""10/01/2026"",""Yorick"",""Kookapparatuur (fornuis, oven, grill) schoonmaken"",""Gedaan"",""22:47"","""""
"dagelijks,""10/01/2026"",""Yorick"",""Vloeren schrobben"",""Gedaan"",""22:47"","""""
"dagelijks,""10/01/2026"",""Yorick"",""Koelkasten controleren en morsen verwijderen"",""Gedaan"",""22:47"","""""
"dagelijks,""10/01/2026"",""Yorick"",""Afvalbakken legen en reinigen"",""Gedaan"",""22:47"","""""
"dagelijks,""10/01/2026"",""Yorick"",""Handwasbakjes schoonmaken en bijvullen (zeep, papier)"",""Gedaan"",""22:47"","""""
"dagelijks,""10/01/2026"",""Yorick"",""Vaatwas station schoonmaken en alle vaatwas wegruimen"",""Gedaan"",""22:47"","""""
"dagelijks,""11/01/2026"",""Yorick"",""Werkbladen en snijplanken reinigen en desinfecteren"",""Gedaan"",""21:01"","""""
"dagelijks,""11/01/2026"",""Yorick"",""Kookapparatuur (fornuis, oven, grill) schoonmaken"",""Gedaan"",""21:01"","""""
"dagelijks,""11/01/2026"",""Yorick"",""Vloeren schrobben"",""Gedaan"",""21:01"","""""
"dagelijks,""11/01/2026"",""Yorick"",""Koelkasten controleren en morsen verwijderen"",""Gedaan"",""21:01"","""""
"dagelijks,""11/01/2026"",""Yorick"",""Afvalbakken legen en reinigen"",""Gedaan"",""21:01"","""""
"dagelijks,""11/01/2026"",""Yorick"",""Handwasbakjes schoonmaken en bijvullen (zeep, papier)"",""Gedaan"",""21:01"","""""
"dagelijks,""11/01/2026"",""Yorick"",""Vaatwas station schoonmaken en alle vaatwas wegruimen"",""Gedaan"",""21:01"","""""
"dagelijks,""12/01/2026"",""Yorick"",""Werkbladen en snijplanken reinigen en desinfecteren"",""Gedaan"",""22:34"","""""
"dagelijks,""12/01/2026"",""Yorick"",""Kookapparatuur (fornuis, oven, grill) schoonmaken"",""Gedaan"",""22:34"","""""
"dagelijks,""12/01/2026"",""Yorick"",""Vloeren schrobben"",""Gedaan"",""22:34"","""""
"dagelijks,""12/01/2026"",""Yorick"",""Koelkasten controleren en morsen verwijderen"",""Gedaan"",""22:34"","""""
"dagelijks,""12/01/2026"",""Yorick"",""Afvalbakken legen en reinigen"",""Gedaan"",""22:34"","""""
"dagelijks,""12/01/2026"",""Yorick"",""Handwasbakjes schoonmaken en bijvullen (zeep, papier)"",""Gedaan"",""22:34"","""""
"dagelijks,""12/01/2026"",""Yorick"",""Vaatwas station schoonmaken en alle vaatwas wegruimen"",""Gedaan"",""22:34"","""""
"dagelijks,""13/01/2026"",""Yorick"",""Werkbladen en snijplanken reinigen en desinfecteren"",""Gedaan"",""21:48"","""""
"dagelijks,""13/01/2026"",""Yorick"",""Kookapparatuur (fornuis, oven, grill) schoonmaken"",""Gedaan"",""21:48"","""""
"dagelijks,""13/01/2026"",""Yorick"",""Vloeren schrobben"",""Gedaan"",""21:48"","""""
"dagelijks,""13/01/2026"",""Yorick"",""Koelkasten controleren en morsen verwijderen"",""Gedaan"",""21:48"","""""
"dagelijks,""13/01/2026"",""Yorick"",""Afvalbakken legen en reinigen"",""Gedaan"",""21:48"","""""
"dagelijks,""13/01/2026"",""Yorick"",""Handwasbakjes schoonmaken en bijvullen (zeep, papier)"",""Gedaan"",""21:48"","""""
"dagelijks,""13/01/2026"",""Yorick"",""Vaatwas station schoonmaken en alle vaatwas wegruimen"",""Gedaan"",""21:48"","""""
"dagelijks,""14/01/2026"",""Yorick"",""Werkbladen en snijplanken reinigen en desinfecteren"",""Gedaan"",""21:08"","""""
"dagelijks,""14/01/2026"",""Yorick"",""Kookapparatuur (fornuis, oven, grill) schoonmaken"",""Gedaan"",""21:08"","""""
"dagelijks,""14/01/2026"",""Yorick"",""Vloeren schrobben"",""Gedaan"",""21:08"","""""
"dagelijks,""14/01/2026"",""Yorick"",""Koelkasten controleren en morsen verwijderen"",""Gedaan"",""21:08"","""""
"dagelijks,""14/01/2026"",""Yorick"",""Afvalbakken legen en reinigen"",""Gedaan"",""21:08"","""""
"dagelijks,""14/01/2026"",""Yorick"",""Handwasbakjes schoonmaken en bijvullen (zeep, papier)"",""Gedaan"",""21:08"","""""
"dagelijks,""14/01/2026"",""Yorick"",""Vaatwas station schoonmaken en alle vaatwas wegruimen"",""Gedaan"",""21:08"","""""
"dagelijks,""15/01/2026"",""Yorick"",""Werkbladen en snijplanken reinigen en desinfecteren"",""Gedaan"",""22:39"","""""
"dagelijks,""15/01/2026"",""Yorick"",""Kookapparatuur (fornuis, oven, grill) schoonmaken"",""Gedaan"",""22:39"","""""
"dagelijks,""15/01/2026"",""Yorick"",""Vloeren schrobben"",""Gedaan"",""22:39"","""""
"dagelijks,""15/01/2026"",""Yorick"",""Koelkasten controleren en morsen verwijderen"",""Gedaan"",""22:39"","""""
"dagelijks,""15/01/2026"",""Yorick"",""Afvalbakken legen en reinigen"",""Gedaan"",""22:39"","""""
"dagelijks,""15/01/2026"",""Yorick"",""Handwasbakjes schoonmaken en bijvullen (zeep, papier)"",""Gedaan"",""22:39"","""""
"dagelijks,""15/01/2026"",""Yorick"",""Vaatwas station schoonmaken en alle vaatwas wegruimen"",""Gedaan"",""22:39"","""""
"dagelijks,""16/01/2026"",""Yorick"",""Werkbladen en snijplanken reinigen en desinfecteren"",""Gedaan"",""22:57"","""""
"dagelijks,""16/01/2026"",""Yorick"",""Kookapparatuur (fornuis, oven, grill) schoonmaken"",""Gedaan"",""22:57"","""""
"dagelijks,""16/01/2026"",""Yorick"",""Vloeren schrobben"",""Gedaan"",""22:57"","""""
"dagelijks,""16/01/2026"",""Yorick"",""Koelkasten controleren en morsen verwijderen"",""Gedaan"",""22:57"","""""
"dagelijks,""16/01/2026"",""Yorick"",""Afvalbakken legen en reinigen"",""Gedaan"",""22:57"","""""
"dagelijks,""16/01/2026"",""Yorick"",""Handwasbakjes schoonmaken en bijvullen (zeep, papier)"",""Gedaan"",""22:57"","""""
"dagelijks,""16/01/2026"",""Yorick"",""Vaatwas station schoonmaken en alle vaatwas wegruimen"",""Gedaan"",""22:57"","""""
"dagelijks,""17/01/2026"",""Yorick"",""Werkbladen en snijplanken reinigen en desinfecteren"",""Gedaan"",""20:39"","""""
"dagelijks,""17/01/2026"",""Yorick"",""Kookapparatuur (fornuis, oven, grill) schoonmaken"",""Gedaan"",""20:39"","""""
"dagelijks,""17/01/2026"",""Yorick"",""Vloeren schrobben"",""Gedaan"",""20:39"","""""
"dagelijks,""17/01/2026"",""Yorick"",""Koelkasten controleren en morsen verwijderen"",""Gedaan"",""20:39"","""""
"dagelijks,""17/01/2026"",""Yorick"",""Afvalbakken legen en reinigen"",""Gedaan"",""20:39"","""""
"dagelijks,""17/01/2026"",""Yorick"",""Handwasbakjes schoonmaken en bijvullen (zeep, papier)"",""Gedaan"",""20:39"","""""
"dagelijks,""17/01/2026"",""Yorick"",""Vaatwas station schoonmaken en alle vaatwas wegruimen"",""Gedaan"",""20:39"","""""
"dagelijks,""18/01/2026"",""Yorick"",""Werkbladen en snijplanken reinigen en desinfecteren"",""Gedaan"",""20:15"","""""
"dagelijks,""18/01/2026"",""Yorick"",""Kookapparatuur (fornuis, oven, grill) schoonmaken"",""Gedaan"",""20:15"","""""
"dagelijks,""18/01/2026"",""Yorick"",""Vloeren schrobben"",""Gedaan"",""20:15"","""""
"dagelijks,""18/01/2026"",""Yorick"",""Koelkasten controleren en morsen verwijderen"",""Gedaan"",""20:15"","""""
"dagelijks,""18/01/2026"",""Yorick"",""Afvalbakken legen en reinigen"",""Gedaan"",""20:15"","""""
"dagelijks,""18/01/2026"",""Yorick"",""Handwasbakjes schoonmaken en bijvullen (zeep, papier)"",""Gedaan"",""20:15"","""""
"dagelijks,""18/01/2026"",""Yorick"",""Vaatwas station schoonmaken en alle vaatwas wegruimen"",""Gedaan"",""20:15"","""""
"dagelijks,""19/01/2026"",""Yorick"",""Werkbladen en snijplanken reinigen en desinfecteren"",""Gedaan"",""21:48"","""""
"dagelijks,""19/01/2026"",""Yorick"",""Kookapparatuur (fornuis, oven, grill) schoonmaken"",""Gedaan"",""21:48"","""""
"dagelijks,""19/01/2026"",""Yorick"",""Vloeren schrobben"",""Gedaan"",""21:48"","""""
"dagelijks,""19/01/2026"",""Yorick"",""Koelkasten controleren en morsen verwijderen"",""Gedaan"",""21:48"","""""
"dagelijks,""19/01/2026"",""Yorick"",""Afvalbakken legen en reinigen"",""Gedaan"",""21:48"","""""
"dagelijks,""19/01/2026"",""Yorick"",""Handwasbakjes schoonmaken en bijvullen (zeep, papier)"",""Gedaan"",""21:48"","""""
"dagelijks,""19/01/2026"",""Yorick"",""Vaatwas station schoonmaken en alle vaatwas wegruimen"",""Gedaan"",""21:48"","""""
"dagelijks,""20/01/2026"",""Yorick"",""Werkbladen en snijplanken reinigen en desinfecteren"",""Gedaan"",""20:28"","""""
"dagelijks,""20/01/2026"",""Yorick"",""Kookapparatuur (fornuis, oven, grill) schoonmaken"",""Gedaan"",""20:28"","""""
"dagelijks,""20/01/2026"",""Yorick"",""Vloeren schrobben"",""Gedaan"",""20:28"","""""
"dagelijks,""20/01/2026"",""Yorick"",""Koelkasten controleren en morsen verwijderen"",""Gedaan"",""20:28"","""""
"dagelijks,""20/01/2026"",""Yorick"",""Afvalbakken legen en reinigen"",""Gedaan"",""20:28"","""""
"dagelijks,""20/01/2026"",""Yorick"",""Handwasbakjes schoonmaken en bijvullen (zeep, papier)"",""Gedaan"",""20:28"","""""
"dagelijks,""20/01/2026"",""Yorick"",""Vaatwas station schoonmaken en alle vaatwas wegruimen"",""Gedaan"",""20:28"","""""
"dagelijks,""21/01/2026"",""Yorick"",""Werkbladen en snijplanken reinigen en desinfecteren"",""Gedaan"",""22:23"","""""
"dagelijks,""21/01/2026"",""Yorick"",""Kookapparatuur (fornuis, oven, grill) schoonmaken"",""Gedaan"",""22:23"","""""
"dagelijks,""21/01/2026"",""Yorick"",""Vloeren schrobben"",""Gedaan"",""22:23"","""""
"dagelijks,""21/01/2026"",""Yorick"",""Koelkasten controleren en morsen verwijderen"",""Gedaan"",""22:23"","""""
"dagelijks,""21/01/2026"",""Yorick"",""Afvalbakken legen en reinigen"",""Gedaan"",""22:23"","""""
"dagelijks,""21/01/2026"",""Yorick"",""Handwasbakjes schoonmaken en bijvullen (zeep, papier)"",""Gedaan"",""22:23"","""""
"dagelijks,""21/01/2026"",""Yorick"",""Vaatwas station schoonmaken en alle vaatwas wegruimen"",""Gedaan"",""22:23"","""""
"dagelijks,""22/01/2026"",""Yorick"",""Werkbladen en snijplanken reinigen en desinfecteren"",""Gedaan"",""21:55"","""""
"dagelijks,""22/01/2026"",""Yorick"",""Kookapparatuur (fornuis, oven, grill) schoonmaken"",""Gedaan"",""21:55"","""""
"dagelijks,""22/01/2026"",""Yorick"",""Vloeren schrobben"",""Gedaan"",""21:55"","""""
"dagelijks,""22/01/2026"",""Yorick"",""Koelkasten controleren en morsen verwijderen"",""Gedaan"",""21:55"","""""
"dagelijks,""22/01/2026"",""Yorick"",""Afvalbakken legen en reinigen"",""Gedaan"",""21:55"","""""
"dagelijks,""22/01/2026"",""Yorick"",""Handwasbakjes schoonmaken en bijvullen (zeep, papier)"",""Gedaan"",""21:55"","""""
"dagelijks,""22/01/2026"",""Yorick"",""Vaatwas station schoonmaken en alle vaatwas wegruimen"",""Gedaan"",""21:55"","""""
"dagelijks,""23/01/2026"",""Yorick"",""Werkbladen en snijplanken reinigen en desinfecteren"",""Gedaan"",""21:26"","""""
"dagelijks,""23/01/2026"",""Yorick"",""Kookapparatuur (fornuis, oven, grill) schoonmaken"",""Gedaan"",""21:26"","""""
"dagelijks,""23/01/2026"",""Yorick"",""Vloeren schrobben"",""Gedaan"",""21:26"","""""
"dagelijks,""23/01/2026"",""Yorick"",""Koelkasten controleren en morsen verwijderen"",""Gedaan"",""21:26"","""""
"dagelijks,""23/01/2026"",""Yorick"",""Afvalbakken legen en reinigen"",""Gedaan"",""21:26"","""""
"dagelijks,""23/01/2026"",""Yorick"",""Handwasbakjes schoonmaken en bijvullen (zeep, papier)"",""Gedaan"",""21:26"","""""
"dagelijks,""23/01/2026"",""Yorick"",""Vaatwas station schoonmaken en alle vaatwas wegruimen"",""Gedaan"",""21:26"","""""
"dagelijks,""24/01/2026"",""Yorick"",""Werkbladen en snijplanken reinigen en desinfecteren"",""Gedaan"",""22:10"","""""
"dagelijks,""24/01/2026"",""Yorick"",""Kookapparatuur (fornuis, oven, grill) schoonmaken"",""Gedaan"",""22:10"","""""
"dagelijks,""24/01/2026"",""Yorick"",""Vloeren schrobben"",""Gedaan"",""22:10"","""""
"dagelijks,""24/01/2026"",""Yorick"",""Koelkasten controleren en morsen verwijderen"",""Gedaan"",""22:10"","""""
"dagelijks,""24/01/2026"",""Yorick"",""Afvalbakken legen en reinigen"",""Gedaan"",""22:10"","""""
"dagelijks,""24/01/2026"",""Yorick"",""Handwasbakjes schoonmaken en bijvullen (zeep, papier)"",""Gedaan"",""22:10"","""""
"dagelijks,""24/01/2026"",""Yorick"",""Vaatwas station schoonmaken en alle vaatwas wegruimen"",""Gedaan"",""22:10"","""""
"dagelijks,""25/01/2026"",""Yorick"",""Werkbladen en snijplanken reinigen en desinfecteren"",""Gedaan"",""21:46"","""""
"dagelijks,""25/01/2026"",""Yorick"",""Kookapparatuur (fornuis, oven, grill) schoonmaken"",""Gedaan"",""21:46"","""""
"dagelijks,""25/01/2026"",""Yorick"",""Vloeren schrobben"",""Gedaan"",""21:46"","""""
"dagelijks,""25/01/2026"",""Yorick"",""Koelkasten controleren en morsen verwijderen"",""Gedaan"",""21:46"","""""
"dagelijks,""25/01/2026"",""Yorick"",""Afvalbakken legen en reinigen"",""Gedaan"",""21:46"","""""
"dagelijks,""25/01/2026"",""Yorick"",""Handwasbakjes schoonmaken en bijvullen (zeep, papier)"",""Gedaan"",""21:46"","""""
"dagelijks,""25/01/2026"",""Yorick"",""Vaatwas station schoonmaken en alle vaatwas wegruimen"",""Gedaan"",""21:46"","""""
"dagelijks,""26/01/2026"",""Yorick"",""Werkbladen en snijplanken reinigen en desinfecteren"",""Gedaan"",""22:20"","""""
"dagelijks,""26/01/2026"",""Yorick"",""Kookapparatuur (fornuis, oven, grill) schoonmaken"",""Gedaan"",""22:20"","""""
"dagelijks,""26/01/2026"",""Yorick"",""Vloeren schrobben"",""Gedaan"",""22:20"","""""
"dagelijks,""26/01/2026"",""Yorick"",""Koelkasten controleren en morsen verwijderen"",""Gedaan"",""22:20"","""""
"dagelijks,""26/01/2026"",""Yorick"",""Afvalbakken legen en reinigen"",""Gedaan"",""22:20"","""""
"dagelijks,""26/01/2026"",""Yorick"",""Handwasbakjes schoonmaken en bijvullen (zeep, papier)"",""Gedaan"",""22:20"","""""
"dagelijks,""26/01/2026"",""Yorick"",""Vaatwas station schoonmaken en alle vaatwas wegruimen"",""Gedaan"",""22:20"","""""
"dagelijks,""27/01/2026"",""Yorick"",""Werkbladen en snijplanken reinigen en desinfecteren"",""Gedaan"",""22:35"","""""
"dagelijks,""27/01/2026"",""Yorick"",""Kookapparatuur (fornuis, oven, grill) schoonmaken"",""Gedaan"",""22:35"","""""
"dagelijks,""27/01/2026"",""Yorick"",""Vloeren schrobben"",""Gedaan"",""22:35"","""""
"dagelijks,""27/01/2026"",""Yorick"",""Koelkasten controleren en morsen verwijderen"",""Gedaan"",""22:35"","""""
"dagelijks,""27/01/2026"",""Yorick"",""Afvalbakken legen en reinigen"",""Gedaan"",""22:35"","""""
"dagelijks,""27/01/2026"",""Yorick"",""Handwasbakjes schoonmaken en bijvullen (zeep, papier)"",""Gedaan"",""22:35"","""""
"dagelijks,""27/01/2026"",""Yorick"",""Vaatwas station schoonmaken en alle vaatwas wegruimen"",""Gedaan"",""22:35"","""""
"dagelijks,""28/01/2026"",""Yorick"",""Werkbladen en snijplanken reinigen en desinfecteren"",""Gedaan"",""20:47"","""""
"dagelijks,""28/01/2026"",""Yorick"",""Kookapparatuur (fornuis, oven, grill) schoonmaken"",""Gedaan"",""20:47"","""""
"dagelijks,""28/01/2026"",""Yorick"",""Vloeren schrobben"",""Gedaan"",""20:47"","""""
"dagelijks,""28/01/2026"",""Yorick"",""Koelkasten controleren en morsen verwijderen"",""Gedaan"",""20:47"","""""
"dagelijks,""28/01/2026"",""Yorick"",""Afvalbakken legen en reinigen"",""Gedaan"",""20:47"","""""
"dagelijks,""28/01/2026"",""Yorick"",""Handwasbakjes schoonmaken en bijvullen (zeep, papier)"",""Gedaan"",""20:47"","""""
"dagelijks,""28/01/2026"",""Yorick"",""Vaatwas station schoonmaken en alle vaatwas wegruimen"",""Gedaan"",""20:47"","""""
"dagelijks,""29/01/2026"",""Yorick"",""Werkbladen en snijplanken reinigen en desinfecteren"",""Gedaan"",""21:01"","""""
"dagelijks,""29/01/2026"",""Yorick"",""Kookapparatuur (fornuis, oven, grill) schoonmaken"",""Gedaan"",""21:01"","""""
"dagelijks,""29/01/2026"",""Yorick"",""Vloeren schrobben"",""Gedaan"",""21:01"","""""
"dagelijks,""29/01/2026"",""Yorick"",""Koelkasten controleren en morsen verwijderen"",""Gedaan"",""21:01"","""""
"dagelijks,""29/01/2026"",""Yorick"",""Afvalbakken legen en reinigen"",""Gedaan"",""21:01"","""""
"dagelijks,""29/01/2026"",""Yorick"",""Handwasbakjes schoonmaken en bijvullen (zeep, papier)"",""Gedaan"",""21:01"","""""
"dagelijks,""29/01/2026"",""Yorick"",""Vaatwas station schoonmaken en alle vaatwas wegruimen"",""Gedaan"",""21:01"","""""
"dagelijks,""30/01/2026"",""Yorick"",""Werkbladen en snijplanken reinigen en desinfecteren"",""Gedaan"",""22:51"","""""
"dagelijks,""30/01/2026"",""Yorick"",""Kookapparatuur (fornuis, oven, grill) schoonmaken"",""Gedaan"",""22:51"","""""
"dagelijks,""30/01/2026"",""Yorick"",""Vloeren schrobben"",""Gedaan"",""22:51"","""""
"dagelijks,""30/01/2026"",""Yorick"",""Koelkasten controleren en morsen verwijderen"",""Gedaan"",""22:51"","""""
"dagelijks,""30/01/2026"",""Yorick"",""Afvalbakken legen en reinigen"",""Gedaan"",""22:51"","""""
"dagelijks,""30/01/2026"",""Yorick"",""Handwasbakjes schoonmaken en bijvullen (zeep, papier)"",""Gedaan"",""22:51"","""""
"dagelijks,""30/01/2026"",""Yorick"",""Vaatwas station schoonmaken en alle vaatwas wegruimen"",""Gedaan"",""22:51"","""""
"dagelijks,""31/01/2026"",""Yorick"",""Werkbladen en snijplanken reinigen en desinfecteren"",""Gedaan"",""20:59"","""""
"dagelijks,""31/01/2026"",""Yorick"",""Kookapparatuur (fornuis, oven, grill) schoonmaken"",""Gedaan"",""20:59"","""""
"dagelijks,""31/01/2026"",""Yorick"",""Vloeren schrobben"",""Gedaan"",""20:59"","""""
"dagelijks,""31/01/2026"",""Yorick"",""Koelkasten controleren en morsen verwijderen"",""Gedaan"",""20:59"","""""
"dagelijks,""31/01/2026"",""Yorick"",""Afvalbakken legen en reinigen"",""Gedaan"",""20:59"","""""
"dagelijks,""31/01/2026"",""Yorick"",""Handwasbakjes schoonmaken en bijvullen (zeep, papier)"",""Gedaan"",""20:59"","""""
"dagelijks,""31/01/2026"",""Yorick"",""Vaatwas station schoonmaken en alle vaatwas wegruimen"",""Gedaan"",""20:59"","""""
"dagelijks,""01/02/2026"",""Yorick"",""Werkbladen en snijplanken reinigen en desinfecteren"",""Gedaan"",""21:16"","""""
"dagelijks,""01/02/2026"",""Yorick"",""Kookapparatuur (fornuis, oven, grill) schoonmaken"",""Gedaan"",""21:16"","""""
"dagelijks,""01/02/2026"",""Yorick"",""Vloeren schrobben"",""Gedaan"",""21:16"","""""
"dagelijks,""01/02/2026"",""Yorick"",""Koelkasten controleren en morsen verwijderen"",""Gedaan"",""21:16"","""""
"dagelijks,""01/02/2026"",""Yorick"",""Afvalbakken legen en reinigen"",""Gedaan"",""21:16"","""""
"dagelijks,""01/02/2026"",""Yorick"",""Handwasbakjes schoonmaken en bijvullen (zeep, papier)"",""Gedaan"",""21:16"","""""
"dagelijks,""01/02/2026"",""Yorick"",""Vaatwas station schoonmaken en alle vaatwas wegruimen"",""Gedaan"",""21:16"","""""
"dagelijks,""02/02/2026"",""Yorick"",""Werkbladen en snijplanken reinigen en desinfecteren"",""Gedaan"",""22:08"","""""
"dagelijks,""02/02/2026"",""Yorick"",""Kookapparatuur (fornuis, oven, grill) schoonmaken"",""Gedaan"",""22:08"","""""
"dagelijks,""02/02/2026"",""Yorick"",""Vloeren schrobben"",""Gedaan"",""22:08"","""""
"dagelijks,""02/02/2026"",""Yorick"",""Koelkasten controleren en morsen verwijderen"",""Gedaan"",""22:08"","""""
"dagelijks,""02/02/2026"",""Yorick"",""Afvalbakken legen en reinigen"",""Gedaan"",""22:08"","""""
"dagelijks,""02/02/2026"",""Yorick"",""Handwasbakjes schoonmaken en bijvullen (zeep, papier)"",""Gedaan"",""22:08"","""""
"dagelijks,""02/02/2026"",""Yorick"",""Vaatwas station schoonmaken en alle vaatwas wegruimen"",""Gedaan"",""22:08"","""""
"dagelijks,""03/02/2026"",""Yorick"",""Werkbladen en snijplanken reinigen en desinfecteren"",""Gedaan"",""21:25"","""""
"dagelijks,""03/02/2026"",""Yorick"",""Kookapparatuur (fornuis, oven, grill) schoonmaken"",""Gedaan"",""21:25"","""""
"dagelijks,""03/02/2026"",""Yorick"",""Vloeren schrobben"",""Gedaan"",""21:25"","""""
"dagelijks,""03/02/2026"",""Yorick"",""Koelkasten controleren en morsen verwijderen"",""Gedaan"",""21:25"","""""
"dagelijks,""03/02/2026"",""Yorick"",""Afvalbakken legen en reinigen"",""Gedaan"",""21:25"","""""
"dagelijks,""03/02/2026"",""Yorick"",""Handwasbakjes schoonmaken en bijvullen (zeep, papier)"",""Gedaan"",""21:25"","""""
"dagelijks,""03/02/2026"",""Yorick"",""Vaatwas station schoonmaken en alle vaatwas wegruimen"",""Gedaan"",""21:25"","""""
"dagelijks,""04/02/2026"",""Yorick"",""Werkbladen en snijplanken reinigen en desinfecteren"",""Gedaan"",""21:02"","""""
"dagelijks,""04/02/2026"",""Yorick"",""Kookapparatuur (fornuis, oven, grill) schoonmaken"",""Gedaan"",""21:02"","""""
"dagelijks,""04/02/2026"",""Yorick"",""Vloeren schrobben"",""Gedaan"",""21:02"","""""
"dagelijks,""04/02/2026"",""Yorick"",""Koelkasten controleren en morsen verwijderen"",""Gedaan"",""21:02"","""""
"dagelijks,""04/02/2026"",""Yorick"",""Afvalbakken legen en reinigen"",""Gedaan"",""21:02"","""""
"dagelijks,""04/02/2026"",""Yorick"",""Handwasbakjes schoonmaken en bijvullen (zeep, papier)"",""Gedaan"",""21:02"","""""
"dagelijks,""04/02/2026"",""Yorick"",""Vaatwas station schoonmaken en alle vaatwas wegruimen"",""Gedaan"",""21:02"","""""
"dagelijks,""05/02/2026"",""Yorick"",""Werkbladen en snijplanken reinigen en desinfecteren"",""Gedaan"",""21:19"","""""
"dagelijks,""05/02/2026"",""Yorick"",""Kookapparatuur (fornuis, oven, grill) schoonmaken"",""Gedaan"",""21:19"","""""
"dagelijks,""05/02/2026"",""Yorick"",""Vloeren schrobben"",""Gedaan"",""21:19"","""""
"dagelijks,""05/02/2026"",""Yorick"",""Koelkasten controleren en morsen verwijderen"",""Gedaan"",""21:19"","""""
"dagelijks,""05/02/2026"",""Yorick"",""Afvalbakken legen en reinigen"",""Gedaan"",""21:19"","""""
"dagelijks,""05/02/2026"",""Yorick"",""Handwasbakjes schoonmaken en bijvullen (zeep, papier)"",""Gedaan"",""21:19"","""""
"dagelijks,""05/02/2026"",""Yorick"",""Vaatwas station schoonmaken en alle vaatwas wegruimen"",""Gedaan"",""21:19"","""""
"dagelijks,""06/02/2026"",""Yorick"",""Werkbladen en snijplanken reinigen en desinfecteren"",""Gedaan"",""21:50"","""""
"dagelijks,""06/02/2026"",""Yorick"",""Kookapparatuur (fornuis, oven, grill) schoonmaken"",""Gedaan"",""21:50"","""""
"dagelijks,""06/02/2026"",""Yorick"",""Vloeren schrobben"",""Gedaan"",""21:50"","""""
"dagelijks,""06/02/2026"",""Yorick"",""Koelkasten controleren en morsen verwijderen"",""Gedaan"",""21:50"","""""
"dagelijks,""06/02/2026"",""Yorick"",""Afvalbakken legen en reinigen"",""Gedaan"",""21:50"","""""
"dagelijks,""06/02/2026"",""Yorick"",""Handwasbakjes schoonmaken en bijvullen (zeep, papier)"",""Gedaan"",""21:50"","""""
"dagelijks,""06/02/2026"",""Yorick"",""Vaatwas station schoonmaken en alle vaatwas wegruimen"",""Gedaan"",""21:50"","""""
"dagelijks,""07/02/2026"",""Yorick"",""Werkbladen en snijplanken reinigen en desinfecteren"",""Gedaan"",""21:24"","""""
"dagelijks,""07/02/2026"",""Yorick"",""Kookapparatuur (fornuis, oven, grill) schoonmaken"",""Gedaan"",""21:24"","""""
"dagelijks,""07/02/2026"",""Yorick"",""Vloeren schrobben"",""Gedaan"",""21:24"","""""
"dagelijks,""07/02/2026"",""Yorick"",""Koelkasten controleren en morsen verwijderen"",""Gedaan"",""21:24"","""""
"dagelijks,""07/02/2026"",""Yorick"",""Afvalbakken legen en reinigen"",""Gedaan"",""21:24"","""""
"dagelijks,""07/02/2026"",""Yorick"",""Handwasbakjes schoonmaken en bijvullen (zeep, papier)"",""Gedaan"",""21:24"","""""
"dagelijks,""07/02/2026"",""Yorick"",""Vaatwas station schoonmaken en alle vaatwas wegruimen"",""Gedaan"",""21:24"","""""
"dagelijks,""08/02/2026"",""Yorick"",""Werkbladen en snijplanken reinigen en desinfecteren"",""Gedaan"",""22:38"","""""
"dagelijks,""08/02/2026"",""Yorick"",""Kookapparatuur (fornuis, oven, grill) schoonmaken"",""Gedaan"",""22:38"","""""
"dagelijks,""08/02/2026"",""Yorick"",""Vloeren schrobben"",""Gedaan"",""22:38"","""""
"dagelijks,""08/02/2026"",""Yorick"",""Koelkasten controleren en morsen verwijderen"",""Gedaan"",""22:38"","""""
"dagelijks,""08/02/2026"",""Yorick"",""Afvalbakken legen en reinigen"",""Gedaan"",""22:38"","""""
"dagelijks,""08/02/2026"",""Yorick"",""Handwasbakjes schoonmaken en bijvullen (zeep, papier)"",""Gedaan"",""22:38"","""""
"dagelijks,""08/02/2026"",""Yorick"",""Vaatwas station schoonmaken en alle vaatwas wegruimen"",""Gedaan"",""22:38"","""""
"dagelijks,""09/02/2026"",""Yorick"",""Werkbladen en snijplanken reinigen en desinfecteren"",""Gedaan"",""21:43"","""""
"dagelijks,""09/02/2026"",""Yorick"",""Kookapparatuur (fornuis, oven, grill) schoonmaken"",""Gedaan"",""21:43"","""""
"dagelijks,""09/02/2026"",""Yorick"",""Vloeren schrobben"",""Gedaan"",""21:43"","""""
"dagelijks,""09/02/2026"",""Yorick"",""Koelkasten controleren en morsen verwijderen"",""Gedaan"",""21:43"","""""
"dagelijks,""09/02/2026"",""Yorick"",""Afvalbakken legen en reinigen"",""Gedaan"",""21:43"","""""
"dagelijks,""09/02/2026"",""Yorick"",""Handwasbakjes schoonmaken en bijvullen (zeep, papier)"",""Gedaan"",""21:43"","""""
"dagelijks,""09/02/2026"",""Yorick"",""Vaatwas station schoonmaken en alle vaatwas wegruimen"",""Gedaan"",""21:43"","""""
"dagelijks,""10/02/2026"",""Yorick"",""Werkbladen en snijplanken reinigen en desinfecteren"",""Gedaan"",""21:07"","""""
"dagelijks,""10/02/2026"",""Yorick"",""Kookapparatuur (fornuis, oven, grill) schoonmaken"",""Gedaan"",""21:07"","""""
"dagelijks,""10/02/2026"",""Yorick"",""Vloeren schrobben"",""Gedaan"",""21:07"","""""
"dagelijks,""10/02/2026"",""Yorick"",""Koelkasten controleren en morsen verwijderen"",""Gedaan"",""21:07"","""""
"dagelijks,""10/02/2026"",""Yorick"",""Afvalbakken legen en reinigen"",""Gedaan"",""21:07"","""""
"dagelijks,""10/02/2026"",""Yorick"",""Handwasbakjes schoonmaken en bijvullen (zeep, papier)"",""Gedaan"",""21:07"","""""
"dagelijks,""10/02/2026"",""Yorick"",""Vaatwas station schoonmaken en alle vaatwas wegruimen"",""Gedaan"",""21:07"","""""
"dagelijks,""11/02/2026"",""Yorick"",""Werkbladen en snijplanken reinigen en desinfecteren"",""Gedaan"",""20:31"","""""
"dagelijks,""11/02/2026"",""Yorick"",""Kookapparatuur (fornuis, oven, grill) schoonmaken"",""Gedaan"",""20:31"","""""
"dagelijks,""11/02/2026"",""Yorick"",""Vloeren schrobben"",""Gedaan"",""20:31"","""""
"dagelijks,""11/02/2026"",""Yorick"",""Koelkasten controleren en morsen verwijderen"",""Gedaan"",""20:31"","""""
"dagelijks,""11/02/2026"",""Yorick"",""Afvalbakken legen en reinigen"",""Gedaan"",""20:31"","""""
"dagelijks,""11/02/2026"",""Yorick"",""Handwasbakjes schoonmaken en bijvullen (zeep, papier)"",""Gedaan"",""20:31"","""""
"dagelijks,""11/02/2026"",""Yorick"",""Vaatwas station schoonmaken en alle vaatwas wegruimen"",""Gedaan"",""20:31"","""""
"dagelijks,""12/02/2026"",""Yorick"",""Werkbladen en snijplanken reinigen en desinfecteren"",""Gedaan"",""22:41"","""""
"dagelijks,""12/02/2026"",""Yorick"",""Kookapparatuur (fornuis, oven, grill) schoonmaken"",""Gedaan"",""22:41"","""""
"dagelijks,""12/02/2026"",""Yorick"",""Vloeren schrobben"",""Gedaan"",""22:41"","""""
"dagelijks,""12/02/2026"",""Yorick"",""Koelkasten controleren en morsen verwijderen"",""Gedaan"",""22:41"","""""
"dagelijks,""12/02/2026"",""Yorick"",""Afvalbakken legen en reinigen"",""Gedaan"",""22:41"","""""
"dagelijks,""12/02/2026"",""Yorick"",""Handwasbakjes schoonmaken en bijvullen (zeep, papier)"",""Gedaan"",""22:41"","""""
"dagelijks,""12/02/2026"",""Yorick"",""Vaatwas station schoonmaken en alle vaatwas wegruimen"",""Gedaan"",""22:41"","""""
"dagelijks,""13/02/2026"",""Yorick"",""Werkbladen en snijplanken reinigen en desinfecteren"",""Gedaan"",""22:36"","""""
"dagelijks,""13/02/2026"",""Yorick"",""Kookapparatuur (fornuis, oven, grill) schoonmaken"",""Gedaan"",""22:36"","""""
"dagelijks,""13/02/2026"",""Yorick"",""Vloeren schrobben"",""Gedaan"",""22:36"","""""
"dagelijks,""13/02/2026"",""Yorick"",""Koelkasten controleren en morsen verwijderen"",""Gedaan"",""22:36"","""""
"dagelijks,""13/02/2026"",""Yorick"",""Afvalbakken legen en reinigen"",""Gedaan"",""22:36"","""""
"dagelijks,""13/02/2026"",""Yorick"",""Handwasbakjes schoonmaken en bijvullen (zeep, papier)"",""Gedaan"",""22:36"","""""
"dagelijks,""13/02/2026"",""Yorick"",""Vaatwas station schoonmaken en alle vaatwas wegruimen"",""Gedaan"",""22:36"","""""
"dagelijks,""14/02/2026"",""Yorick"",""Werkbladen en snijplanken reinigen en desinfecteren"",""Gedaan"",""23:00"","""""
"dagelijks,""14/02/2026"",""Yorick"",""Kookapparatuur (fornuis, oven, grill) schoonmaken"",""Gedaan"",""23:00"","""""
"dagelijks,""14/02/2026"",""Yorick"",""Vloeren schrobben"",""Gedaan"",""23:00"","""""
"dagelijks,""14/02/2026"",""Yorick"",""Koelkasten controleren en morsen verwijderen"",""Gedaan"",""23:00"","""""
"dagelijks,""14/02/2026"",""Yorick"",""Afvalbakken legen en reinigen"",""Gedaan"",""23:00"","""""
"dagelijks,""14/02/2026"",""Yorick"",""Handwasbakjes schoonmaken en bijvullen (zeep, papier)"",""Gedaan"",""23:00"","""""
"dagelijks,""14/02/2026"",""Yorick"",""Vaatwas station schoonmaken en alle vaatwas wegruimen"",""Gedaan"",""23:00"","""""
"dagelijks,""15/02/2026"",""Yorick"",""Werkbladen en snijplanken reinigen en desinfecteren"",""Gedaan"",""20:59"","""""
"dagelijks,""15/02/2026"",""Yorick"",""Kookapparatuur (fornuis, oven, grill) schoonmaken"",""Gedaan"",""20:59"","""""
"dagelijks,""15/02/2026"",""Yorick"",""Vloeren schrobben"",""Gedaan"",""20:59"","""""
"dagelijks,""15/02/2026"",""Yorick"",""Koelkasten controleren en morsen verwijderen"",""Gedaan"",""20:59"","""""
"dagelijks,""15/02/2026"",""Yorick"",""Afvalbakken legen en reinigen"",""Gedaan"",""20:59"","""""
"dagelijks,""15/02/2026"",""Yorick"",""Handwasbakjes schoonmaken en bijvullen (zeep, papier)"",""Gedaan"",""20:59"","""""
"dagelijks,""15/02/2026"",""Yorick"",""Vaatwas station schoonmaken en alle vaatwas wegruimen"",""Gedaan"",""20:59"","""""
"dagelijks,""16/02/2026"",""Yorick"",""Werkbladen en snijplanken reinigen en desinfecteren"",""Gedaan"",""22:31"","""""
"dagelijks,""16/02/2026"",""Yorick"",""Kookapparatuur (fornuis, oven, grill) schoonmaken"",""Gedaan"",""22:31"","""""
"dagelijks,""16/02/2026"",""Yorick"",""Vloeren schrobben"",""Gedaan"",""22:31"","""""
"dagelijks,""16/02/2026"",""Yorick"",""Koelkasten controleren en morsen verwijderen"",""Gedaan"",""22:31"","""""
"dagelijks,""16/02/2026"",""Yorick"",""Afvalbakken legen en reinigen"",""Gedaan"",""22:31"","""""
"dagelijks,""16/02/2026"",""Yorick"",""Handwasbakjes schoonmaken en bijvullen (zeep, papier)"",""Gedaan"",""22:31"","""""
"dagelijks,""16/02/2026"",""Yorick"",""Vaatwas station schoonmaken en alle vaatwas wegruimen"",""Gedaan"",""22:31"","""""
"dagelijks,""17/02/2026"",""Yorick"",""Werkbladen en snijplanken reinigen en desinfecteren"",""Gedaan"",""22:16"","""""
"dagelijks,""17/02/2026"",""Yorick"",""Kookapparatuur (fornuis, oven, grill) schoonmaken"",""Gedaan"",""22:16"","""""
"dagelijks,""17/02/2026"",""Yorick"",""Vloeren schrobben"",""Gedaan"",""22:16"","""""
"dagelijks,""17/02/2026"",""Yorick"",""Koelkasten controleren en morsen verwijderen"",""Gedaan"",""22:16"","""""
"dagelijks,""17/02/2026"",""Yorick"",""Afvalbakken legen en reinigen"",""Gedaan"",""22:16"","""""
"dagelijks,""17/02/2026"",""Yorick"",""Handwasbakjes schoonmaken en bijvullen (zeep, papier)"",""Gedaan"",""22:16"","""""
"dagelijks,""17/02/2026"",""Yorick"",""Vaatwas station schoonmaken en alle vaatwas wegruimen"",""Gedaan"",""22:16"","""""
"dagelijks,""18/02/2026"",""Yorick"",""Werkbladen en snijplanken reinigen en desinfecteren"",""Gedaan"",""21:08"","""""
"dagelijks,""18/02/2026"",""Yorick"",""Kookapparatuur (fornuis, oven, grill) schoonmaken"",""Gedaan"",""21:08"","""""
"dagelijks,""18/02/2026"",""Yorick"",""Vloeren schrobben"",""Gedaan"",""21:08"","""""
"dagelijks,""18/02/2026"",""Yorick"",""Koelkasten controleren en morsen verwijderen"",""Gedaan"",""21:08"","""""
"dagelijks,""18/02/2026"",""Yorick"",""Afvalbakken legen en reinigen"",""Gedaan"",""21:08"","""""
"dagelijks,""18/02/2026"",""Yorick"",""Handwasbakjes schoonmaken en bijvullen (zeep, papier)"",""Gedaan"",""21:08"","""""
"dagelijks,""18/02/2026"",""Yorick"",""Vaatwas station schoonmaken en alle vaatwas wegruimen"",""Gedaan"",""21:08"","""""
"dagelijks,""19/02/2026"",""Yorick"",""Werkbladen en snijplanken reinigen en desinfecteren"",""Gedaan"",""21:27"","""""
"dagelijks,""19/02/2026"",""Yorick"",""Kookapparatuur (fornuis, oven, grill) schoonmaken"",""Gedaan"",""21:27"","""""
"dagelijks,""19/02/2026"",""Yorick"",""Vloeren schrobben"",""Gedaan"",""21:27"","""""
"dagelijks,""19/02/2026"",""Yorick"",""Koelkasten controleren en morsen verwijderen"",""Gedaan"",""21:27"","""""
"dagelijks,""19/02/2026"",""Yorick"",""Afvalbakken legen en reinigen"",""Gedaan"",""21:27"","""""
"dagelijks,""19/02/2026"",""Yorick"",""Handwasbakjes schoonmaken en bijvullen (zeep, papier)"",""Gedaan"",""21:27"","""""
"dagelijks,""19/02/2026"",""Yorick"",""Vaatwas station schoonmaken en alle vaatwas wegruimen"",""Gedaan"",""21:27"","""""
"dagelijks,""20/02/2026"",""Yorick"",""Werkbladen en snijplanken reinigen en desinfecteren"",""Gedaan"",""20:45"","""""
"dagelijks,""20/02/2026"",""Yorick"",""Kookapparatuur (fornuis, oven, grill) schoonmaken"",""Gedaan"",""20:45"","""""
"dagelijks,""20/02/2026"",""Yorick"",""Vloeren schrobben"",""Gedaan"",""20:45"","""""
"dagelijks,""20/02/2026"",""Yorick"",""Koelkasten controleren en morsen verwijderen"",""Gedaan"",""20:45"","""""
"dagelijks,""20/02/2026"",""Yorick"",""Afvalbakken legen en reinigen"",""Gedaan"",""20:45"","""""
"dagelijks,""20/02/2026"",""Yorick"",""Handwasbakjes schoonmaken en bijvullen (zeep, papier)"",""Gedaan"",""20:45"","""""
"dagelijks,""20/02/2026"",""Yorick"",""Vaatwas station schoonmaken en alle vaatwas wegruimen"",""Gedaan"",""20:45"","""""
"dagelijks,""21/02/2026"",""Yorick"",""Werkbladen en snijplanken reinigen en desinfecteren"",""Gedaan"",""21:17"","""""
"dagelijks,""21/02/2026"",""Yorick"",""Kookapparatuur (fornuis, oven, grill) schoonmaken"",""Gedaan"",""21:17"","""""
"dagelijks,""21/02/2026"",""Yorick"",""Vloeren schrobben"",""Gedaan"",""21:17"","""""
"dagelijks,""21/02/2026"",""Yorick"",""Koelkasten controleren en morsen verwijderen"",""Gedaan"",""21:17"","""""
"dagelijks,""21/02/2026"",""Yorick"",""Afvalbakken legen en reinigen"",""Gedaan"",""21:17"","""""
"dagelijks,""21/02/2026"",""Yorick"",""Handwasbakjes schoonmaken en bijvullen (zeep, papier)"",""Gedaan"",""21:17"","""""
"dagelijks,""21/02/2026"",""Yorick"",""Vaatwas station schoonmaken en alle vaatwas wegruimen"",""Gedaan"",""21:17"","""""
"dagelijks,""22/02/2026"",""Yorick"",""Werkbladen en snijplanken reinigen en desinfecteren"",""Gedaan"",""21:58"","""""
"dagelijks,""22/02/2026"",""Yorick"",""Kookapparatuur (fornuis, oven, grill) schoonmaken"",""Gedaan"",""21:58"","""""
"dagelijks,""22/02/2026"",""Yorick"",""Vloeren schrobben"",""Gedaan"",""21:58"","""""
"dagelijks,""22/02/2026"",""Yorick"",""Koelkasten controleren en morsen verwijderen"",""Gedaan"",""21:58"","""""
"dagelijks,""22/02/2026"",""Yorick"",""Afvalbakken legen en reinigen"",""Gedaan"",""21:58"","""""
"dagelijks,""22/02/2026"",""Yorick"",""Handwasbakjes schoonmaken en bijvullen (zeep, papier)"",""Gedaan"",""21:58"","""""
"dagelijks,""22/02/2026"",""Yorick"",""Vaatwas station schoonmaken en alle vaatwas wegruimen"",""Gedaan"",""21:58"","""""
"dagelijks,""23/02/2026"",""Yorick"",""Werkbladen en snijplanken reinigen en desinfecteren"",""Gedaan"",""20:39"","""""
"dagelijks,""23/02/2026"",""Yorick"",""Kookapparatuur (fornuis, oven, grill) schoonmaken"",""Gedaan"",""20:39"","""""
"dagelijks,""23/02/2026"",""Yorick"",""Vloeren schrobben"",""Gedaan"",""20:39"","""""
"dagelijks,""23/02/2026"",""Yorick"",""Koelkasten controleren en morsen verwijderen"",""Gedaan"",""20:39"","""""
"dagelijks,""23/02/2026"",""Yorick"",""Afvalbakken legen en reinigen"",""Gedaan"",""20:39"","""""
"dagelijks,""23/02/2026"",""Yorick"",""Handwasbakjes schoonmaken en bijvullen (zeep, papier)"",""Gedaan"",""20:39"","""""
"dagelijks,""23/02/2026"",""Yorick"",""Vaatwas station schoonmaken en alle vaatwas wegruimen"",""Gedaan"",""20:39"","""""
"dagelijks,""24/02/2026"",""Yorick"",""Werkbladen en snijplanken reinigen en desinfecteren"",""Gedaan"",""20:17"","""""
"dagelijks,""24/02/2026"",""Yorick"",""Kookapparatuur (fornuis, oven, grill) schoonmaken"",""Gedaan"",""20:17"","""""
"dagelijks,""24/02/2026"",""Yorick"",""Vloeren schrobben"",""Gedaan"",""20:17"","""""
"dagelijks,""24/02/2026"",""Yorick"",""Koelkasten controleren en morsen verwijderen"",""Gedaan"",""20:17"","""""
"dagelijks,""24/02/2026"",""Yorick"",""Afvalbakken legen en reinigen"",""Gedaan"",""20:17"","""""
"dagelijks,""24/02/2026"",""Yorick"",""Handwasbakjes schoonmaken en bijvullen (zeep, papier)"",""Gedaan"",""20:17"","""""
"dagelijks,""24/02/2026"",""Yorick"",""Vaatwas station schoonmaken en alle vaatwas wegruimen"",""Gedaan"",""20:17"","""""
"dagelijks,""25/02/2026"",""Yorick"",""Werkbladen en snijplanken reinigen en desinfecteren"",""Gedaan"",""20:38"","""""
"dagelijks,""25/02/2026"",""Yorick"",""Kookapparatuur (fornuis, oven, grill) schoonmaken"",""Gedaan"",""20:38"","""""
"dagelijks,""25/02/2026"",""Yorick"",""Vloeren schrobben"",""Gedaan"",""20:38"","""""
"dagelijks,""25/02/2026"",""Yorick"",""Koelkasten controleren en morsen verwijderen"",""Gedaan"",""20:38"","""""
"dagelijks,""25/02/2026"",""Yorick"",""Afvalbakken legen en reinigen"",""Gedaan"",""20:38"","""""
"dagelijks,""25/02/2026"",""Yorick"",""Handwasbakjes schoonmaken en bijvullen (zeep, papier)"",""Gedaan"",""20:38"","""""
"dagelijks,""25/02/2026"",""Yorick"",""Vaatwas station schoonmaken en alle vaatwas wegruimen"",""Gedaan"",""20:38"","""""
"dagelijks,""26/02/2026"",""Yorick"",""Werkbladen en snijplanken reinigen en desinfecteren"",""Gedaan"",""21:28"","""""
"dagelijks,""26/02/2026"",""Yorick"",""Kookapparatuur (fornuis, oven, grill) schoonmaken"",""Gedaan"",""21:28"","""""
"dagelijks,""26/02/2026"",""Yorick"",""Vloeren schrobben"",""Gedaan"",""21:28"","""""
"dagelijks,""26/02/2026"",""Yorick"",""Koelkasten controleren en morsen verwijderen"",""Gedaan"",""21:28"","""""
"dagelijks,""26/02/2026"",""Yorick"",""Afvalbakken legen en reinigen"",""Gedaan"",""21:28"","""""
"dagelijks,""26/02/2026"",""Yorick"",""Handwasbakjes schoonmaken en bijvullen (zeep, papier)"",""Gedaan"",""21:28"","""""
"dagelijks,""26/02/2026"",""Yorick"",""Vaatwas station schoonmaken en alle vaatwas wegruimen"",""Gedaan"",""21:28"","""""
"dagelijks,""27/02/2026"",""Yorick"",""Werkbladen en snijplanken reinigen en desinfecteren"",""Gedaan"",""22:04"","""""
"dagelijks,""27/02/2026"",""Yorick"",""Kookapparatuur (fornuis, oven, grill) schoonmaken"",""Gedaan"",""22:04"","""""
"dagelijks,""27/02/2026"",""Yorick"",""Vloeren schrobben"",""Gedaan"",""22:04"","""""
"dagelijks,""27/02/2026"",""Yorick"",""Koelkasten controleren en morsen verwijderen"",""Gedaan"",""22:04"","""""
"dagelijks,""27/02/2026"",""Yorick"",""Afvalbakken legen en reinigen"",""Gedaan"",""22:04"","""""
"dagelijks,""27/02/2026"",""Yorick"",""Handwasbakjes schoonmaken en bijvullen (zeep, papier)"",""Gedaan"",""22:04"","""""
"dagelijks,""27/02/2026"",""Yorick"",""Vaatwas station schoonmaken en alle vaatwas wegruimen"",""Gedaan"",""22:04"","""""
"dagelijks,""28/02/2026"",""Yorick"",""Werkbladen en snijplanken reinigen en desinfecteren"",""Gedaan"",""22:42"","""""
"dagelijks,""28/02/2026"",""Yorick"",""Kookapparatuur (fornuis, oven, grill) schoonmaken"",""Gedaan"",""22:42"","""""
"dagelijks,""28/02/2026"",""Yorick"",""Vloeren schrobben"",""Gedaan"",""22:42"","""""
"dagelijks,""28/02/2026"",""Yorick"",""Koelkasten controleren en morsen verwijderen"",""Gedaan"",""22:42"","""""
"dagelijks,""28/02/2026"",""Yorick"",""Afvalbakken legen en reinigen"",""Gedaan"",""22:42"","""""
"dagelijks,""28/02/2026"",""Yorick"",""Handwasbakjes schoonmaken en bijvullen (zeep, papier)"",""Gedaan"",""22:42"","""""
"dagelijks,""28/02/2026"",""Yorick"",""Vaatwas station schoonmaken en alle vaatwas wegruimen"",""Gedaan"",""22:42"","""""
"dagelijks,""01/03/2026"",""Yorick"",""Werkbladen en snijplanken reinigen en desinfecteren"",""Gedaan"",""20:49"","""""
"dagelijks,""01/03/2026"",""Yorick"",""Kookapparatuur (fornuis, oven, grill) schoonmaken"",""Gedaan"",""20:49"","""""
"dagelijks,""01/03/2026"",""Yorick"",""Vloeren schrobben"",""Gedaan"",""20:49"","""""
"dagelijks,""01/03/2026"",""Yorick"",""Koelkasten controleren en morsen verwijderen"",""Gedaan"",""20:49"","""""
"dagelijks,""01/03/2026"",""Yorick"",""Afvalbakken legen en reinigen"",""Gedaan"",""20:49"","""""
"dagelijks,""01/03/2026"",""Yorick"",""Handwasbakjes schoonmaken en bijvullen (zeep, papier)"",""Gedaan"",""20:49"","""""
"dagelijks,""01/03/2026"",""Yorick"",""Vaatwas station schoonmaken en alle vaatwas wegruimen"",""Gedaan"",""20:49"","""""
"dagelijks,""02/03/2026"",""Yorick"",""Werkbladen en snijplanken reinigen en desinfecteren"",""Gedaan"",""22:06"","""""
"dagelijks,""02/03/2026"",""Yorick"",""Kookapparatuur (fornuis, oven, grill) schoonmaken"",""Gedaan"",""22:06"","""""
"dagelijks,""02/03/2026"",""Yorick"",""Vloeren schrobben"",""Gedaan"",""22:06"","""""
"dagelijks,""02/03/2026"",""Yorick"",""Koelkasten controleren en morsen verwijderen"",""Gedaan"",""22:06"","""""
"dagelijks,""02/03/2026"",""Yorick"",""Afvalbakken legen en reinigen"",""Gedaan"",""22:06"","""""
"dagelijks,""02/03/2026"",""Yorick"",""Handwasbakjes schoonmaken en bijvullen (zeep, papier)"",""Gedaan"",""22:06"","""""
"dagelijks,""02/03/2026"",""Yorick"",""Vaatwas station schoonmaken en alle vaatwas wegruimen"",""Gedaan"",""22:06"","""""
"dagelijks,""03/03/2026"",""Yorick"",""Werkbladen en snijplanken reinigen en desinfecteren"",""Gedaan"",""20:16"","""""
"dagelijks,""03/03/2026"",""Yorick"",""Kookapparatuur (fornuis, oven, grill) schoonmaken"",""Gedaan"",""20:16"","""""
"dagelijks,""03/03/2026"",""Yorick"",""Vloeren schrobben"",""Gedaan"",""20:16"","""""
"dagelijks,""03/03/2026"",""Yorick"",""Koelkasten controleren en morsen verwijderen"",""Gedaan"",""20:16"","""""
"dagelijks,""03/03/2026"",""Yorick"",""Afvalbakken legen en reinigen"",""Gedaan"",""20:16"","""""
"dagelijks,""03/03/2026"",""Yorick"",""Handwasbakjes schoonmaken en bijvullen (zeep, papier)"",""Gedaan"",""20:16"","""""
"dagelijks,""03/03/2026"",""Yorick"",""Vaatwas station schoonmaken en alle vaatwas wegruimen"",""Gedaan"",""20:16"","""""
"dagelijks,""04/03/2026"",""Yorick"",""Werkbladen en snijplanken reinigen en desinfecteren"",""Gedaan"",""21:48"","""""
"dagelijks,""04/03/2026"",""Yorick"",""Kookapparatuur (fornuis, oven, grill) schoonmaken"",""Gedaan"",""21:48"","""""
"dagelijks,""04/03/2026"",""Yorick"",""Vloeren schrobben"",""Gedaan"",""21:48"","""""
"dagelijks,""04/03/2026"",""Yorick"",""Koelkasten controleren en morsen verwijderen"",""Gedaan"",""21:48"","""""
"dagelijks,""04/03/2026"",""Yorick"",""Afvalbakken legen en reinigen"",""Gedaan"",""21:48"","""""
"dagelijks,""04/03/2026"",""Yorick"",""Handwasbakjes schoonmaken en bijvullen (zeep, papier)"",""Gedaan"",""21:48"","""""
"dagelijks,""04/03/2026"",""Yorick"",""Vaatwas station schoonmaken en alle vaatwas wegruimen"",""Gedaan"",""21:48"","""""
"dagelijks,""05/03/2026"",""Yorick"",""Werkbladen en snijplanken reinigen en desinfecteren"",""Gedaan"",""20:44"","""""
"dagelijks,""05/03/2026"",""Yorick"",""Kookapparatuur (fornuis, oven, grill) schoonmaken"",""Gedaan"",""20:44"","""""
"dagelijks,""05/03/2026"",""Yorick"",""Vloeren schrobben"",""Gedaan"",""20:44"","""""
"dagelijks,""05/03/2026"",""Yorick"",""Koelkasten controleren en morsen verwijderen"",""Gedaan"",""20:44"","""""
"dagelijks,""05/03/2026"",""Yorick"",""Afvalbakken legen en reinigen"",""Gedaan"",""20:44"","""""
"dagelijks,""05/03/2026"",""Yorick"",""Handwasbakjes schoonmaken en bijvullen (zeep, papier)"",""Gedaan"",""20:44"","""""
"dagelijks,""05/03/2026"",""Yorick"",""Vaatwas station schoonmaken en alle vaatwas wegruimen"",""Gedaan"",""20:44"","""""
"dagelijks,""06/03/2026"",""Yorick"",""Werkbladen en snijplanken reinigen en desinfecteren"",""Gedaan"",""22:58"","""""
"dagelijks,""06/03/2026"",""Yorick"",""Kookapparatuur (fornuis, oven, grill) schoonmaken"",""Gedaan"",""22:58"","""""
"dagelijks,""06/03/2026"",""Yorick"",""Vloeren schrobben"",""Gedaan"",""22:58"","""""
"dagelijks,""06/03/2026"",""Yorick"",""Koelkasten controleren en morsen verwijderen"",""Gedaan"",""22:58"","""""
"dagelijks,""06/03/2026"",""Yorick"",""Afvalbakken legen en reinigen"",""Gedaan"",""22:58"","""""
"dagelijks,""06/03/2026"",""Yorick"",""Handwasbakjes schoonmaken en bijvullen (zeep, papier)"",""Gedaan"",""22:58"","""""
"dagelijks,""06/03/2026"",""Yorick"",""Vaatwas station schoonmaken en alle vaatwas wegruimen"",""Gedaan"",""22:58"","""""
"dagelijks,""07/03/2026"",""Yorick"",""Werkbladen en snijplanken reinigen en desinfecteren"",""Gedaan"",""21:10"","""""
"dagelijks,""07/03/2026"",""Yorick"",""Kookapparatuur (fornuis, oven, grill) schoonmaken"",""Gedaan"",""21:10"","""""
"dagelijks,""07/03/2026"",""Yorick"",""Vloeren schrobben"",""Gedaan"",""21:10"","""""
"dagelijks,""07/03/2026"",""Yorick"",""Koelkasten controleren en morsen verwijderen"",""Gedaan"",""21:10"","""""
"dagelijks,""07/03/2026"",""Yorick"",""Afvalbakken legen en reinigen"",""Gedaan"",""21:10"","""""
"dagelijks,""07/03/2026"",""Yorick"",""Handwasbakjes schoonmaken en bijvullen (zeep, papier)"",""Gedaan"",""21:10"","""""
"dagelijks,""07/03/2026"",""Yorick"",""Vaatwas station schoonmaken en alle vaatwas wegruimen"",""Gedaan"",""21:10"","""""
"dagelijks,""08/03/2026"",""Yorick"",""Werkbladen en snijplanken reinigen en desinfecteren"",""Gedaan"",""21:06"","""""
"dagelijks,""08/03/2026"",""Yorick"",""Kookapparatuur (fornuis, oven, grill) schoonmaken"",""Gedaan"",""21:06"","""""
"dagelijks,""08/03/2026"",""Yorick"",""Vloeren schrobben"",""Gedaan"",""21:06"","""""
"dagelijks,""08/03/2026"",""Yorick"",""Koelkasten controleren en morsen verwijderen"",""Gedaan"",""21:06"","""""
"dagelijks,""08/03/2026"",""Yorick"",""Afvalbakken legen en reinigen"",""Gedaan"",""21:06"","""""
"dagelijks,""08/03/2026"",""Yorick"",""Handwasbakjes schoonmaken en bijvullen (zeep, papier)"",""Gedaan"",""21:06"","""""
"dagelijks,""08/03/2026"",""Yorick"",""Vaatwas station schoonmaken en alle vaatwas wegruimen"",""Gedaan"",""21:06"","""""
"dagelijks,""09/03/2026"",""Yorick"",""Werkbladen en snijplanken reinigen en desinfecteren"",""Gedaan"",""21:28"","""""
"dagelijks,""09/03/2026"",""Yorick"",""Kookapparatuur (fornuis, oven, grill) schoonmaken"",""Gedaan"",""21:28"","""""
"dagelijks,""09/03/2026"",""Yorick"",""Vloeren schrobben"",""Gedaan"",""21:28"","""""
"dagelijks,""09/03/2026"",""Yorick"",""Koelkasten controleren en morsen verwijderen"",""Gedaan"",""21:28"","""""
"dagelijks,""09/03/2026"",""Yorick"",""Afvalbakken legen en reinigen"",""Gedaan"",""21:28"","""""
"dagelijks,""09/03/2026"",""Yorick"",""Handwasbakjes schoonmaken en bijvullen (zeep, papier)"",""Gedaan"",""21:28"","""""
"dagelijks,""09/03/2026"",""Yorick"",""Vaatwas station schoonmaken en alle vaatwas wegruimen"",""Gedaan"",""21:28"","""""
"dagelijks,""10/03/2026"",""Yorick"",""Werkbladen en snijplanken reinigen en desinfecteren"",""Gedaan"",""22:10"","""""
"dagelijks,""10/03/2026"",""Yorick"",""Kookapparatuur (fornuis, oven, grill) schoonmaken"",""Gedaan"",""22:10"","""""
"dagelijks,""10/03/2026"",""Yorick"",""Vloeren schrobben"",""Gedaan"",""22:10"","""""
"dagelijks,""10/03/2026"",""Yorick"",""Koelkasten controleren en morsen verwijderen"",""Gedaan"",""22:10"","""""
"dagelijks,""10/03/2026"",""Yorick"",""Afvalbakken legen en reinigen"",""Gedaan"",""22:10"","""""
"dagelijks,""10/03/2026"",""Yorick"",""Handwasbakjes schoonmaken en bijvullen (zeep, papier)"",""Gedaan"",""22:10"","""""
"dagelijks,""10/03/2026"",""Yorick"",""Vaatwas station schoonmaken en alle vaatwas wegruimen"",""Gedaan"",""22:10"","""""
"dagelijks,""11/03/2026"",""Yorick"",""Werkbladen en snijplanken reinigen en desinfecteren"",""Gedaan"",""21:39"","""""
"dagelijks,""11/03/2026"",""Yorick"",""Kookapparatuur (fornuis, oven, grill) schoonmaken"",""Gedaan"",""21:39"","""""
"dagelijks,""11/03/2026"",""Yorick"",""Vloeren schrobben"",""Gedaan"",""21:39"","""""
"dagelijks,""11/03/2026"",""Yorick"",""Koelkasten controleren en morsen verwijderen"",""Gedaan"",""21:39"","""""
"dagelijks,""11/03/2026"",""Yorick"",""Afvalbakken legen en reinigen"",""Gedaan"",""21:39"","""""
"dagelijks,""11/03/2026"",""Yorick"",""Handwasbakjes schoonmaken en bijvullen (zeep, papier)"",""Gedaan"",""21:39"","""""
"dagelijks,""11/03/2026"",""Yorick"",""Vaatwas station schoonmaken en alle vaatwas wegruimen"",""Gedaan"",""21:39"","""""
"dagelijks,""12/03/2026"",""Yorick"",""Werkbladen en snijplanken reinigen en desinfecteren"",""Gedaan"",""22:32"","""""
"dagelijks,""12/03/2026"",""Yorick"",""Kookapparatuur (fornuis, oven, grill) schoonmaken"",""Gedaan"",""22:32"","""""
"dagelijks,""12/03/2026"",""Yorick"",""Vloeren schrobben"",""Gedaan"",""22:32"","""""
"dagelijks,""12/03/2026"",""Yorick"",""Koelkasten controleren en morsen verwijderen"",""Gedaan"",""22:32"","""""
"dagelijks,""12/03/2026"",""Yorick"",""Afvalbakken legen en reinigen"",""Gedaan"",""22:32"","""""
"dagelijks,""12/03/2026"",""Yorick"",""Handwasbakjes schoonmaken en bijvullen (zeep, papier)"",""Gedaan"",""22:32"","""""
"dagelijks,""12/03/2026"",""Yorick"",""Vaatwas station schoonmaken en alle vaatwas wegruimen"",""Gedaan"",""22:32"","""""
"dagelijks,""13/03/2026"",""Yorick"",""Werkbladen en snijplanken reinigen en desinfecteren"",""Gedaan"",""22:53"","""""
"dagelijks,""13/03/2026"",""Yorick"",""Kookapparatuur (fornuis, oven, grill) schoonmaken"",""Gedaan"",""22:53"","""""
"dagelijks,""13/03/2026"",""Yorick"",""Vloeren schrobben"",""Gedaan"",""22:53"","""""
"dagelijks,""13/03/2026"",""Yorick"",""Koelkasten controleren en morsen verwijderen"",""Gedaan"",""22:53"","""""
"dagelijks,""13/03/2026"",""Yorick"",""Afvalbakken legen en reinigen"",""Gedaan"",""22:53"","""""
"dagelijks,""13/03/2026"",""Yorick"",""Handwasbakjes schoonmaken en bijvullen (zeep, papier)"",""Gedaan"",""22:53"","""""
"dagelijks,""13/03/2026"",""Yorick"",""Vaatwas station schoonmaken en alle vaatwas wegruimen"",""Gedaan"",""22:53"","""""
"dagelijks,""14/03/2026"",""Yorick"",""Werkbladen en snijplanken reinigen en desinfecteren"",""Gedaan"",""20:40"","""""
"dagelijks,""14/03/2026"",""Yorick"",""Kookapparatuur (fornuis, oven, grill) schoonmaken"",""Gedaan"",""20:40"","""""
"dagelijks,""14/03/2026"",""Yorick"",""Vloeren schrobben"",""Gedaan"",""20:40"","""""
"dagelijks,""14/03/2026"",""Yorick"",""Koelkasten controleren en morsen verwijderen"",""Gedaan"",""20:40"","""""
"dagelijks,""14/03/2026"",""Yorick"",""Afvalbakken legen en reinigen"",""Gedaan"",""20:40"","""""
"dagelijks,""14/03/2026"",""Yorick"",""Handwasbakjes schoonmaken en bijvullen (zeep, papier)"",""Gedaan"",""20:40"","""""
"dagelijks,""14/03/2026"",""Yorick"",""Vaatwas station schoonmaken en alle vaatwas wegruimen"",""Gedaan"",""20:40"","""""
"dagelijks,""15/03/2026"",""Yorick"",""Werkbladen en snijplanken reinigen en desinfecteren"",""Gedaan"",""22:36"","""""
"dagelijks,""15/03/2026"",""Yorick"",""Kookapparatuur (fornuis, oven, grill) schoonmaken"",""Gedaan"",""22:36"","""""
"dagelijks,""15/03/2026"",""Yorick"",""Vloeren schrobben"",""Gedaan"",""22:36"","""""
"dagelijks,""15/03/2026"",""Yorick"",""Koelkasten controleren en morsen verwijderen"",""Gedaan"",""22:36"","""""
"dagelijks,""15/03/2026"",""Yorick"",""Afvalbakken legen en reinigen"",""Gedaan"",""22:36"","""""
"dagelijks,""15/03/2026"",""Yorick"",""Handwasbakjes schoonmaken en bijvullen (zeep, papier)"",""Gedaan"",""22:36"","""""
"dagelijks,""15/03/2026"",""Yorick"",""Vaatwas station schoonmaken en alle vaatwas wegruimen"",""Gedaan"",""22:36"","""""
"dagelijks,""16/03/2026"",""Yorick"",""Werkbladen en snijplanken reinigen en desinfecteren"",""Gedaan"",""20:59"","""""
"dagelijks,""16/03/2026"",""Yorick"",""Kookapparatuur (fornuis, oven, grill) schoonmaken"",""Gedaan"",""20:59"","""""
"dagelijks,""16/03/2026"",""Yorick"",""Vloeren schrobben"",""Gedaan"",""20:59"","""""
"dagelijks,""16/03/2026"",""Yorick"",""Koelkasten controleren en morsen verwijderen"",""Gedaan"",""20:59"","""""
"dagelijks,""16/03/2026"",""Yorick"",""Afvalbakken legen en reinigen"",""Gedaan"",""20:59"","""""
"dagelijks,""16/03/2026"",""Yorick"",""Handwasbakjes schoonmaken en bijvullen (zeep, papier)"",""Gedaan"",""20:59"","""""
"dagelijks,""16/03/2026"",""Yorick"",""Vaatwas station schoonmaken en alle vaatwas wegruimen"",""Gedaan"",""20:59"","""""
"dagelijks,""17/03/2026"",""Yorick"",""Werkbladen en snijplanken reinigen en desinfecteren"",""Gedaan"",""21:33"","""""
"dagelijks,""17/03/2026"",""Yorick"",""Kookapparatuur (fornuis, oven, grill) schoonmaken"",""Gedaan"",""21:33"","""""
"dagelijks,""17/03/2026"",""Yorick"",""Vloeren schrobben"",""Gedaan"",""21:33"","""""
"dagelijks,""17/03/2026"",""Yorick"",""Koelkasten controleren en morsen verwijderen"",""Gedaan"",""21:33"","""""
"dagelijks,""17/03/2026"",""Yorick"",""Afvalbakken legen en reinigen"",""Gedaan"",""21:33"","""""
"dagelijks,""17/03/2026"",""Yorick"",""Handwasbakjes schoonmaken en bijvullen (zeep, papier)"",""Gedaan"",""21:33"","""""
"dagelijks,""17/03/2026"",""Yorick"",""Vaatwas station schoonmaken en alle vaatwas wegruimen"",""Gedaan"",""21:33"","""""
"dagelijks,""18/03/2026"",""Yorick"",""Werkbladen en snijplanken reinigen en desinfecteren"",""Gedaan"",""20:44"","""""
"dagelijks,""18/03/2026"",""Yorick"",""Kookapparatuur (fornuis, oven, grill) schoonmaken"",""Gedaan"",""20:44"","""""
"dagelijks,""18/03/2026"",""Yorick"",""Vloeren schrobben"",""Gedaan"",""20:44"","""""
"dagelijks,""18/03/2026"",""Yorick"",""Koelkasten controleren en morsen verwijderen"",""Gedaan"",""20:44"","""""
"dagelijks,""18/03/2026"",""Yorick"",""Afvalbakken legen en reinigen"",""Gedaan"",""20:44"","""""
"dagelijks,""18/03/2026"",""Yorick"",""Handwasbakjes schoonmaken en bijvullen (zeep, papier)"",""Gedaan"",""20:44"","""""
"dagelijks,""18/03/2026"",""Yorick"",""Vaatwas station schoonmaken en alle vaatwas wegruimen"",""Gedaan"",""20:44"","""""
"dagelijks,""19/03/2026"",""Yorick"",""Werkbladen en snijplanken reinigen en desinfecteren"",""Gedaan"",""20:59"","""""
"dagelijks,""19/03/2026"",""Yorick"",""Kookapparatuur (fornuis, oven, grill) schoonmaken"",""Gedaan"",""20:59"","""""
"dagelijks,""19/03/2026"",""Yorick"",""Vloeren schrobben"",""Gedaan"",""20:59"","""""
"dagelijks,""19/03/2026"",""Yorick"",""Koelkasten controleren en morsen verwijderen"",""Gedaan"",""20:59"","""""
"dagelijks,""19/03/2026"",""Yorick"",""Afvalbakken legen en reinigen"",""Gedaan"",""20:59"","""""
"dagelijks,""19/03/2026"",""Yorick"",""Handwasbakjes schoonmaken en bijvullen (zeep, papier)"",""Gedaan"",""20:59"","""""
"dagelijks,""19/03/2026"",""Yorick"",""Vaatwas station schoonmaken en alle vaatwas wegruimen"",""Gedaan"",""20:59"","""""
"dagelijks,""20/03/2026"",""Yorick"",""Werkbladen en snijplanken reinigen en desinfecteren"",""Gedaan"",""21:55"","""""
"dagelijks,""20/03/2026"",""Yorick"",""Kookapparatuur (fornuis, oven, grill) schoonmaken"",""Gedaan"",""21:55"","""""
"dagelijks,""20/03/2026"",""Yorick"",""Vloeren schrobben"",""Gedaan"",""21:55"","""""
"dagelijks,""20/03/2026"",""Yorick"",""Koelkasten controleren en morsen verwijderen"",""Gedaan"",""21:55"","""""
"dagelijks,""20/03/2026"",""Yorick"",""Afvalbakken legen en reinigen"",""Gedaan"",""21:55"","""""
"dagelijks,""20/03/2026"",""Yorick"",""Handwasbakjes schoonmaken en bijvullen (zeep, papier)"",""Gedaan"",""21:55"","""""
"dagelijks,""20/03/2026"",""Yorick"",""Vaatwas station schoonmaken en alle vaatwas wegruimen"",""Gedaan"",""21:55"","""""
"dagelijks,""21/03/2026"",""Yorick"",""Werkbladen en snijplanken reinigen en desinfecteren"",""Gedaan"",""21:55"","""""
"dagelijks,""21/03/2026"",""Yorick"",""Kookapparatuur (fornuis, oven, grill) schoonmaken"",""Gedaan"",""21:55"","""""
"dagelijks,""21/03/2026"",""Yorick"",""Vloeren schrobben"",""Gedaan"",""21:55"","""""
"dagelijks,""21/03/2026"",""Yorick"",""Koelkasten controleren en morsen verwijderen"",""Gedaan"",""21:55"","""""
"dagelijks,""21/03/2026"",""Yorick"",""Afvalbakken legen en reinigen"",""Gedaan"",""21:55"","""""
"dagelijks,""21/03/2026"",""Yorick"",""Handwasbakjes schoonmaken en bijvullen (zeep, papier)"",""Gedaan"",""21:55"","""""
"dagelijks,""21/03/2026"",""Yorick"",""Vaatwas station schoonmaken en alle vaatwas wegruimen"",""Gedaan"",""21:55"","""""
"dagelijks,""22/03/2026"",""Yorick"",""Werkbladen en snijplanken reinigen en desinfecteren"",""Gedaan"",""21:47"","""""
"dagelijks,""22/03/2026"",""Yorick"",""Kookapparatuur (fornuis, oven, grill) schoonmaken"",""Gedaan"",""21:47"","""""
"dagelijks,""22/03/2026"",""Yorick"",""Vloeren schrobben"",""Gedaan"",""21:47"","""""
"dagelijks,""22/03/2026"",""Yorick"",""Koelkasten controleren en morsen verwijderen"",""Gedaan"",""21:47"","""""
"dagelijks,""22/03/2026"",""Yorick"",""Afvalbakken legen en reinigen"",""Gedaan"",""21:47"","""""
"dagelijks,""22/03/2026"",""Yorick"",""Handwasbakjes schoonmaken en bijvullen (zeep, papier)"",""Gedaan"",""21:47"","""""
"dagelijks,""22/03/2026"",""Yorick"",""Vaatwas station schoonmaken en alle vaatwas wegruimen"",""Gedaan"",""21:47"","""""
"dagelijks,""23/03/2026"",""Yorick"",""Werkbladen en snijplanken reinigen en desinfecteren"",""Gedaan"",""22:53"","""""
"dagelijks,""23/03/2026"",""Yorick"",""Kookapparatuur (fornuis, oven, grill) schoonmaken"",""Gedaan"",""22:53"","""""
"dagelijks,""23/03/2026"",""Yorick"",""Vloeren schrobben"",""Gedaan"",""22:53"","""""
"dagelijks,""23/03/2026"",""Yorick"",""Koelkasten controleren en morsen verwijderen"",""Gedaan"",""22:53"","""""
"dagelijks,""23/03/2026"",""Yorick"",""Afvalbakken legen en reinigen"",""Gedaan"",""22:53"","""""
"dagelijks,""23/03/2026"",""Yorick"",""Handwasbakjes schoonmaken en bijvullen (zeep, papier)"",""Gedaan"",""22:53"","""""
"dagelijks,""23/03/2026"",""Yorick"",""Vaatwas station schoonmaken en alle vaatwas wegruimen"",""Gedaan"",""22:53"","""""
"dagelijks,""24/03/2026"",""Yorick"",""Werkbladen en snijplanken reinigen en desinfecteren"",""Gedaan"",""21:04"","""""
"dagelijks,""24/03/2026"",""Yorick"",""Kookapparatuur (fornuis, oven, grill) schoonmaken"",""Gedaan"",""21:04"","""""
"dagelijks,""24/03/2026"",""Yorick"",""Vloeren schrobben"",""Gedaan"",""21:04"","""""
"dagelijks,""24/03/2026"",""Yorick"",""Koelkasten controleren en morsen verwijderen"",""Gedaan"",""21:04"","""""
"dagelijks,""24/03/2026"",""Yorick"",""Afvalbakken legen en reinigen"",""Gedaan"",""21:04"","""""
"dagelijks,""24/03/2026"",""Yorick"",""Handwasbakjes schoonmaken en bijvullen (zeep, papier)"",""Gedaan"",""21:04"","""""
"dagelijks,""24/03/2026"",""Yorick"",""Vaatwas station schoonmaken en alle vaatwas wegruimen"",""Gedaan"",""21:04"","""""
"dagelijks,""25/03/2026"",""Yorick"",""Werkbladen en snijplanken reinigen en desinfecteren"",""Gedaan"",""22:22"","""""
"dagelijks,""25/03/2026"",""Yorick"",""Kookapparatuur (fornuis, oven, grill) schoonmaken"",""Gedaan"",""22:22"","""""
"dagelijks,""25/03/2026"",""Yorick"",""Vloeren schrobben"",""Gedaan"",""22:22"","""""
"dagelijks,""25/03/2026"",""Yorick"",""Koelkasten controleren en morsen verwijderen"",""Gedaan"",""22:22"","""""
"dagelijks,""25/03/2026"",""Yorick"",""Afvalbakken legen en reinigen"",""Gedaan"",""22:22"","""""
"dagelijks,""25/03/2026"",""Yorick"",""Handwasbakjes schoonmaken en bijvullen (zeep, papier)"",""Gedaan"",""22:22"","""""
"dagelijks,""25/03/2026"",""Yorick"",""Vaatwas station schoonmaken en alle vaatwas wegruimen"",""Gedaan"",""22:22"","""""
"dagelijks,""26/03/2026"",""Yorick"",""Werkbladen en snijplanken reinigen en desinfecteren"",""Gedaan"",""21:20"","""""
"dagelijks,""26/03/2026"",""Yorick"",""Kookapparatuur (fornuis, oven, grill) schoonmaken"",""Gedaan"",""21:20"","""""
"dagelijks,""26/03/2026"",""Yorick"",""Vloeren schrobben"",""Gedaan"",""21:20"","""""
"dagelijks,""26/03/2026"",""Yorick"",""Koelkasten controleren en morsen verwijderen"",""Gedaan"",""21:20"","""""
"dagelijks,""26/03/2026"",""Yorick"",""Afvalbakken legen en reinigen"",""Gedaan"",""21:20"","""""
"dagelijks,""26/03/2026"",""Yorick"",""Handwasbakjes schoonmaken en bijvullen (zeep, papier)"",""Gedaan"",""21:20"","""""
"dagelijks,""26/03/2026"",""Yorick"",""Vaatwas station schoonmaken en alle vaatwas wegruimen"",""Gedaan"",""21:20"","""""
"dagelijks,""27/03/2026"",""Yorick"",""Werkbladen en snijplanken reinigen en desinfecteren"",""Gedaan"",""22:59"","""""
"dagelijks,""27/03/2026"",""Yorick"",""Kookapparatuur (fornuis, oven, grill) schoonmaken"",""Gedaan"",""22:59"","""""
"dagelijks,""27/03/2026"",""Yorick"",""Vloeren schrobben"",""Gedaan"",""22:59"","""""
"dagelijks,""27/03/2026"",""Yorick"",""Koelkasten controleren en morsen verwijderen"",""Gedaan"",""22:59"","""""
"dagelijks,""27/03/2026"",""Yorick"",""Afvalbakken legen en reinigen"",""Gedaan"",""22:59"","""""
"dagelijks,""27/03/2026"",""Yorick"",""Handwasbakjes schoonmaken en bijvullen (zeep, papier)"",""Gedaan"",""22:59"","""""
"dagelijks,""27/03/2026"",""Yorick"",""Vaatwas station schoonmaken en alle vaatwas wegruimen"",""Gedaan"",""22:59"","""""
"dagelijks,""28/03/2026"",""Yorick"",""Werkbladen en snijplanken reinigen en desinfecteren"",""Gedaan"",""21:04"","""""
"dagelijks,""28/03/2026"",""Yorick"",""Kookapparatuur (fornuis, oven, grill) schoonmaken"",""Gedaan"",""21:04"","""""
"dagelijks,""28/03/2026"",""Yorick"",""Vloeren schrobben"",""Gedaan"",""21:04"","""""
"dagelijks,""28/03/2026"",""Yorick"",""Koelkasten controleren en morsen verwijderen"",""Gedaan"",""21:04"","""""
"dagelijks,""28/03/2026"",""Yorick"",""Afvalbakken legen en reinigen"",""Gedaan"",""21:04"","""""
"dagelijks,""28/03/2026"",""Yorick"",""Handwasbakjes schoonmaken en bijvullen (zeep, papier)"",""Gedaan"",""21:04"","""""
"dagelijks,""28/03/2026"",""Yorick"",""Vaatwas station schoonmaken en alle vaatwas wegruimen"",""Gedaan"",""21:04"","""""
"dagelijks,""29/03/2026"",""Yorick"",""Werkbladen en snijplanken reinigen en desinfecteren"",""Gedaan"",""20:59"","""""
"dagelijks,""29/03/2026"",""Yorick"",""Kookapparatuur (fornuis, oven, grill) schoonmaken"",""Gedaan"",""20:59"","""""
"dagelijks,""29/03/2026"",""Yorick"",""Vloeren schrobben"",""Gedaan"",""20:59"","""""
"dagelijks,""29/03/2026"",""Yorick"",""Koelkasten controleren en morsen verwijderen"",""Gedaan"",""20:59"","""""
"dagelijks,""29/03/2026"",""Yorick"",""Afvalbakken legen en reinigen"",""Gedaan"",""20:59"","""""
"dagelijks,""29/03/2026"",""Yorick"",""Handwasbakjes schoonmaken en bijvullen (zeep, papier)"",""Gedaan"",""20:59"","""""
"dagelijks,""29/03/2026"",""Yorick"",""Vaatwas station schoonmaken en alle vaatwas wegruimen"",""Gedaan"",""20:59"","""""
"dagelijks,""30/03/2026"",""Yorick"",""Werkbladen en snijplanken reinigen en desinfecteren"",""Gedaan"",""21:35"","""""
"dagelijks,""30/03/2026"",""Yorick"",""Kookapparatuur (fornuis, oven, grill) schoonmaken"",""Gedaan"",""21:35"","""""
"dagelijks,""30/03/2026"",""Yorick"",""Vloeren schrobben"",""Gedaan"",""21:35"","""""
"dagelijks,""30/03/2026"",""Yorick"",""Koelkasten controleren en morsen verwijderen"",""Gedaan"",""21:35"","""""
"dagelijks,""30/03/2026"",""Yorick"",""Afvalbakken legen en reinigen"",""Gedaan"",""21:35"","""""
"dagelijks,""30/03/2026"",""Yorick"",""Handwasbakjes schoonmaken en bijvullen (zeep, papier)"",""Gedaan"",""21:35"","""""
"dagelijks,""30/03/2026"",""Yorick"",""Vaatwas station schoonmaken en alle vaatwas wegruimen"",""Gedaan"",""21:35"","""""
"dagelijks,""31/03/2026"",""Yorick"",""Werkbladen en snijplanken reinigen en desinfecteren"",""Gedaan"",""22:00"","""""
"dagelijks,""31/03/2026"",""Yorick"",""Kookapparatuur (fornuis, oven, grill) schoonmaken"",""Gedaan"",""22:00"","""""
"dagelijks,""31/03/2026"",""Yorick"",""Vloeren schrobben"",""Gedaan"",""22:00"","""""
"dagelijks,""31/03/2026"",""Yorick"",""Koelkasten controleren en morsen verwijderen"",""Gedaan"",""22:00"","""""
"dagelijks,""31/03/2026"",""Yorick"",""Afvalbakken legen en reinigen"",""Gedaan"",""22:00"","""""
"dagelijks,""31/03/2026"",""Yorick"",""Handwasbakjes schoonmaken en bijvullen (zeep, papier)"",""Gedaan"",""22:00"","""""
"dagelijks,""31/03/2026"",""Yorick"",""Vaatwas station schoonmaken en alle vaatwas wegruimen"",""Gedaan"",""22:00"","""""
"dagelijks,""01/04/2026"",""Yorick"",""Werkbladen en snijplanken reinigen en desinfecteren"",""Gedaan"",""22:02"","""""
"dagelijks,""01/04/2026"",""Yorick"",""Kookapparatuur (fornuis, oven, grill) schoonmaken"",""Gedaan"",""22:02"","""""
"dagelijks,""01/04/2026"",""Yorick"",""Vloeren schrobben"",""Gedaan"",""22:02"","""""
"dagelijks,""01/04/2026"",""Yorick"",""Koelkasten controleren en morsen verwijderen"",""Gedaan"",""22:02"","""""
"dagelijks,""01/04/2026"",""Yorick"",""Afvalbakken legen en reinigen"",""Gedaan"",""22:02"","""""
"dagelijks,""01/04/2026"",""Yorick"",""Handwasbakjes schoonmaken en bijvullen (zeep, papier)"",""Gedaan"",""22:02"","""""
"dagelijks,""01/04/2026"",""Yorick"",""Vaatwas station schoonmaken en alle vaatwas wegruimen"",""Gedaan"",""22:02"","""""
"dagelijks,""02/04/2026"",""Yorick"",""Werkbladen en snijplanken reinigen en desinfecteren"",""Gedaan"",""21:16"","""""
"dagelijks,""02/04/2026"",""Yorick"",""Kookapparatuur (fornuis, oven, grill) schoonmaken"",""Gedaan"",""21:16"","""""
"dagelijks,""02/04/2026"",""Yorick"",""Vloeren schrobben"",""Gedaan"",""21:16"","""""
"dagelijks,""02/04/2026"",""Yorick"",""Koelkasten controleren en morsen verwijderen"",""Gedaan"",""21:16"","""""
"dagelijks,""02/04/2026"",""Yorick"",""Afvalbakken legen en reinigen"",""Gedaan"",""21:16"","""""
"dagelijks,""02/04/2026"",""Yorick"",""Handwasbakjes schoonmaken en bijvullen (zeep, papier)"",""Gedaan"",""21:16"","""""
"dagelijks,""02/04/2026"",""Yorick"",""Vaatwas station schoonmaken en alle vaatwas wegruimen"",""Gedaan"",""21:16"","""""
"dagelijks,""03/04/2026"",""Yorick"",""Werkbladen en snijplanken reinigen en desinfecteren"",""Gedaan"",""20:37"","""""
"dagelijks,""03/04/2026"",""Yorick"",""Kookapparatuur (fornuis, oven, grill) schoonmaken"",""Gedaan"",""20:37"","""""
"dagelijks,""03/04/2026"",""Yorick"",""Vloeren schrobben"",""Gedaan"",""20:37"","""""
"dagelijks,""03/04/2026"",""Yorick"",""Koelkasten controleren en morsen verwijderen"",""Gedaan"",""20:37"","""""
"dagelijks,""03/04/2026"",""Yorick"",""Afvalbakken legen en reinigen"",""Gedaan"",""20:37"","""""
"dagelijks,""03/04/2026"",""Yorick"",""Handwasbakjes schoonmaken en bijvullen (zeep, papier)"",""Gedaan"",""20:37"","""""
"dagelijks,""03/04/2026"",""Yorick"",""Vaatwas station schoonmaken en alle vaatwas wegruimen"",""Gedaan"",""20:37"","""""
"dagelijks,""04/04/2026"",""Yorick"",""Werkbladen en snijplanken reinigen en desinfecteren"",""Gedaan"",""20:37"","""""
"dagelijks,""04/04/2026"",""Yorick"",""Kookapparatuur (fornuis, oven, grill) schoonmaken"",""Gedaan"",""20:37"","""""
"dagelijks,""04/04/2026"",""Yorick"",""Vloeren schrobben"",""Gedaan"",""20:37"","""""
"dagelijks,""04/04/2026"",""Yorick"",""Koelkasten controleren en morsen verwijderen"",""Gedaan"",""20:37"","""""
"dagelijks,""04/04/2026"",""Yorick"",""Afvalbakken legen en reinigen"",""Gedaan"",""20:37"","""""
"dagelijks,""04/04/2026"",""Yorick"",""Handwasbakjes schoonmaken en bijvullen (zeep, papier)"",""Gedaan"",""20:37"","""""
"dagelijks,""04/04/2026"",""Yorick"",""Vaatwas station schoonmaken en alle vaatwas wegruimen"",""Gedaan"",""20:37"","""""
"dagelijks,""05/04/2026"",""Yorick"",""Werkbladen en snijplanken reinigen en desinfecteren"",""Gedaan"",""22:37"","""""
"dagelijks,""05/04/2026"",""Yorick"",""Kookapparatuur (fornuis, oven, grill) schoonmaken"",""Gedaan"",""22:37"","""""
"dagelijks,""05/04/2026"",""Yorick"",""Vloeren schrobben"",""Gedaan"",""22:37"","""""
"dagelijks,""05/04/2026"",""Yorick"",""Koelkasten controleren en morsen verwijderen"",""Gedaan"",""22:37"","""""
"dagelijks,""05/04/2026"",""Yorick"",""Afvalbakken legen en reinigen"",""Gedaan"",""22:37"","""""
"dagelijks,""05/04/2026"",""Yorick"",""Handwasbakjes schoonmaken en bijvullen (zeep, papier)"",""Gedaan"",""22:37"","""""
"dagelijks,""05/04/2026"",""Yorick"",""Vaatwas station schoonmaken en alle vaatwas wegruimen"",""Gedaan"",""22:37"","""""
"dagelijks,""06/04/2026"",""Yorick"",""Werkbladen en snijplanken reinigen en desinfecteren"",""Gedaan"",""22:14"","""""
"dagelijks,""06/04/2026"",""Yorick"",""Kookapparatuur (fornuis, oven, grill) schoonmaken"",""Gedaan"",""22:14"","""""
"dagelijks,""06/04/2026"",""Yorick"",""Vloeren schrobben"",""Gedaan"",""22:14"","""""
"dagelijks,""06/04/2026"",""Yorick"",""Koelkasten controleren en morsen verwijderen"",""Gedaan"",""22:14"","""""
"dagelijks,""06/04/2026"",""Yorick"",""Afvalbakken legen en reinigen"",""Gedaan"",""22:14"","""""
"dagelijks,""06/04/2026"",""Yorick"",""Handwasbakjes schoonmaken en bijvullen (zeep, papier)"",""Gedaan"",""22:14"","""""
"dagelijks,""06/04/2026"",""Yorick"",""Vaatwas station schoonmaken en alle vaatwas wegruimen"",""Gedaan"",""22:14"","""""
"dagelijks,""07/04/2026"",""Yorick"",""Werkbladen en snijplanken reinigen en desinfecteren"",""Gedaan"",""21:28"","""""
"dagelijks,""07/04/2026"",""Yorick"",""Kookapparatuur (fornuis, oven, grill) schoonmaken"",""Gedaan"",""21:28"","""""
"dagelijks,""07/04/2026"",""Yorick"",""Vloeren schrobben"",""Gedaan"",""21:28"","""""
"dagelijks,""07/04/2026"",""Yorick"",""Koelkasten controleren en morsen verwijderen"",""Gedaan"",""21:28"","""""
"dagelijks,""07/04/2026"",""Yorick"",""Afvalbakken legen en reinigen"",""Gedaan"",""21:28"","""""
"dagelijks,""07/04/2026"",""Yorick"",""Handwasbakjes schoonmaken en bijvullen (zeep, papier)"",""Gedaan"",""21:28"","""""
"dagelijks,""07/04/2026"",""Yorick"",""Vaatwas station schoonmaken en alle vaatwas wegruimen"",""Gedaan"",""21:28"","""""
"dagelijks,""08/04/2026"",""Yorick"",""Werkbladen en snijplanken reinigen en desinfecteren"",""Gedaan"",""21:40"","""""
"dagelijks,""08/04/2026"",""Yorick"",""Kookapparatuur (fornuis, oven, grill) schoonmaken"",""Gedaan"",""21:40"","""""
"dagelijks,""08/04/2026"",""Yorick"",""Vloeren schrobben"",""Gedaan"",""21:40"","""""
"dagelijks,""08/04/2026"",""Yorick"",""Koelkasten controleren en morsen verwijderen"",""Gedaan"",""21:40"","""""
"dagelijks,""08/04/2026"",""Yorick"",""Afvalbakken legen en reinigen"",""Gedaan"",""21:40"","""""
"dagelijks,""08/04/2026"",""Yorick"",""Handwasbakjes schoonmaken en bijvullen (zeep, papier)"",""Gedaan"",""21:40"","""""
"dagelijks,""08/04/2026"",""Yorick"",""Vaatwas station schoonmaken en alle vaatwas wegruimen"",""Gedaan"",""21:40"","""""
"dagelijks,""09/04/2026"",""Yorick"",""Werkbladen en snijplanken reinigen en desinfecteren"",""Gedaan"",""21:55"","""""
"dagelijks,""09/04/2026"",""Yorick"",""Kookapparatuur (fornuis, oven, grill) schoonmaken"",""Gedaan"",""21:55"","""""
"dagelijks,""09/04/2026"",""Yorick"",""Vloeren schrobben"",""Gedaan"",""21:55"","""""
"dagelijks,""09/04/2026"",""Yorick"",""Koelkasten controleren en morsen verwijderen"",""Gedaan"",""21:55"","""""
"dagelijks,""09/04/2026"",""Yorick"",""Afvalbakken legen en reinigen"",""Gedaan"",""21:55"","""""
"dagelijks,""09/04/2026"",""Yorick"",""Handwasbakjes schoonmaken en bijvullen (zeep, papier)"",""Gedaan"",""21:55"","""""
"dagelijks,""09/04/2026"",""Yorick"",""Vaatwas station schoonmaken en alle vaatwas wegruimen"",""Gedaan"",""21:55"","""""
"dagelijks,""10/04/2026"",""Yorick"",""Werkbladen en snijplanken reinigen en desinfecteren"",""Gedaan"",""22:20"","""""
"dagelijks,""10/04/2026"",""Yorick"",""Kookapparatuur (fornuis, oven, grill) schoonmaken"",""Gedaan"",""22:20"","""""
"dagelijks,""10/04/2026"",""Yorick"",""Vloeren schrobben"",""Gedaan"",""22:20"","""""
"dagelijks,""10/04/2026"",""Yorick"",""Koelkasten controleren en morsen verwijderen"",""Gedaan"",""22:20"","""""
"dagelijks,""10/04/2026"",""Yorick"",""Afvalbakken legen en reinigen"",""Gedaan"",""22:20"","""""
"dagelijks,""10/04/2026"",""Yorick"",""Handwasbakjes schoonmaken en bijvullen (zeep, papier)"",""Gedaan"",""22:20"","""""
"dagelijks,""10/04/2026"",""Yorick"",""Vaatwas station schoonmaken en alle vaatwas wegruimen"",""Gedaan"",""22:20"","""""
"dagelijks,""11/04/2026"",""Yorick"",""Werkbladen en snijplanken reinigen en desinfecteren"",""Gedaan"",""20:33"","""""
"dagelijks,""11/04/2026"",""Yorick"",""Kookapparatuur (fornuis, oven, grill) schoonmaken"",""Gedaan"",""20:33"","""""
"dagelijks,""11/04/2026"",""Yorick"",""Vloeren schrobben"",""Gedaan"",""20:33"","""""
"dagelijks,""11/04/2026"",""Yorick"",""Koelkasten controleren en morsen verwijderen"",""Gedaan"",""20:33"","""""
"dagelijks,""11/04/2026"",""Yorick"",""Afvalbakken legen en reinigen"",""Gedaan"",""20:33"","""""
"dagelijks,""11/04/2026"",""Yorick"",""Handwasbakjes schoonmaken en bijvullen (zeep, papier)"",""Gedaan"",""20:33"","""""
"dagelijks,""11/04/2026"",""Yorick"",""Vaatwas station schoonmaken en alle vaatwas wegruimen"",""Gedaan"",""20:33"","""""
"dagelijks,""12/04/2026"",""Yorick"",""Werkbladen en snijplanken reinigen en desinfecteren"",""Gedaan"",""20:36"","""""
"dagelijks,""12/04/2026"",""Yorick"",""Kookapparatuur (fornuis, oven, grill) schoonmaken"",""Gedaan"",""20:36"","""""
"dagelijks,""12/04/2026"",""Yorick"",""Vloeren schrobben"",""Gedaan"",""20:36"","""""
"dagelijks,""12/04/2026"",""Yorick"",""Koelkasten controleren en morsen verwijderen"",""Gedaan"",""20:36"","""""
"dagelijks,""12/04/2026"",""Yorick"",""Afvalbakken legen en reinigen"",""Gedaan"",""20:36"","""""
"dagelijks,""12/04/2026"",""Yorick"",""Handwasbakjes schoonmaken en bijvullen (zeep, papier)"",""Gedaan"",""20:36"","""""
"dagelijks,""12/04/2026"",""Yorick"",""Vaatwas station schoonmaken en alle vaatwas wegruimen"",""Gedaan"",""20:36"","""""
"dagelijks,""13/04/2026"",""Yorick"",""Werkbladen en snijplanken reinigen en desinfecteren"",""Gedaan"",""20:43"","""""
"dagelijks,""13/04/2026"",""Yorick"",""Kookapparatuur (fornuis, oven, grill) schoonmaken"",""Gedaan"",""20:43"","""""
"dagelijks,""13/04/2026"",""Yorick"",""Vloeren schrobben"",""Gedaan"",""20:43"","""""
"dagelijks,""13/04/2026"",""Yorick"",""Koelkasten controleren en morsen verwijderen"",""Gedaan"",""20:43"","""""
"dagelijks,""13/04/2026"",""Yorick"",""Afvalbakken legen en reinigen"",""Gedaan"",""20:43"","""""
"dagelijks,""13/04/2026"",""Yorick"",""Handwasbakjes schoonmaken en bijvullen (zeep, papier)"",""Gedaan"",""20:43"","""""
"dagelijks,""13/04/2026"",""Yorick"",""Vaatwas station schoonmaken en alle vaatwas wegruimen"",""Gedaan"",""20:43"","""""
"dagelijks,""14/04/2026"",""Yorick"",""Werkbladen en snijplanken reinigen en desinfecteren"",""Gedaan"",""21:48"","""""
"dagelijks,""14/04/2026"",""Yorick"",""Kookapparatuur (fornuis, oven, grill) schoonmaken"",""Gedaan"",""21:48"","""""
"dagelijks,""14/04/2026"",""Yorick"",""Vloeren schrobben"",""Gedaan"",""21:48"","""""
"dagelijks,""14/04/2026"",""Yorick"",""Koelkasten controleren en morsen verwijderen"",""Gedaan"",""21:48"","""""
"dagelijks,""14/04/2026"",""Yorick"",""Afvalbakken legen en reinigen"",""Gedaan"",""21:48"","""""
"dagelijks,""14/04/2026"",""Yorick"",""Handwasbakjes schoonmaken en bijvullen (zeep, papier)"",""Gedaan"",""21:48"","""""
"dagelijks,""14/04/2026"",""Yorick"",""Vaatwas station schoonmaken en alle vaatwas wegruimen"",""Gedaan"",""21:48"","""""
"dagelijks,""15/04/2026"",""Yorick"",""Werkbladen en snijplanken reinigen en desinfecteren"",""Gedaan"",""22:51"","""""
"dagelijks,""15/04/2026"",""Yorick"",""Kookapparatuur (fornuis, oven, grill) schoonmaken"",""Gedaan"",""22:51"","""""
"dagelijks,""15/04/2026"",""Yorick"",""Vloeren schrobben"",""Gedaan"",""22:51"","""""
"dagelijks,""15/04/2026"",""Yorick"",""Koelkasten controleren en morsen verwijderen"",""Gedaan"",""22:51"","""""
"dagelijks,""15/04/2026"",""Yorick"",""Afvalbakken legen en reinigen"",""Gedaan"",""22:51"","""""
"dagelijks,""15/04/2026"",""Yorick"",""Handwasbakjes schoonmaken en bijvullen (zeep, papier)"",""Gedaan"",""22:51"","""""
"dagelijks,""15/04/2026"",""Yorick"",""Vaatwas station schoonmaken en alle vaatwas wegruimen"",""Gedaan"",""22:51"","""""
"dagelijks,""16/04/2026"",""Yorick"",""Werkbladen en snijplanken reinigen en desinfecteren"",""Gedaan"",""20:33"","""""
"dagelijks,""16/04/2026"",""Yorick"",""Kookapparatuur (fornuis, oven, grill) schoonmaken"",""Gedaan"",""20:33"","""""
"dagelijks,""16/04/2026"",""Yorick"",""Vloeren schrobben"",""Gedaan"",""20:33"","""""
"dagelijks,""16/04/2026"",""Yorick"",""Koelkasten controleren en morsen verwijderen"",""Gedaan"",""20:33"","""""
"dagelijks,""16/04/2026"",""Yorick"",""Afvalbakken legen en reinigen"",""Gedaan"",""20:33"","""""
"dagelijks,""16/04/2026"",""Yorick"",""Handwasbakjes schoonmaken en bijvullen (zeep, papier)"",""Gedaan"",""20:33"","""""
"dagelijks,""16/04/2026"",""Yorick"",""Vaatwas station schoonmaken en alle vaatwas wegruimen"",""Gedaan"",""20:33"","""""
"dagelijks,""17/04/2026"",""Yorick"",""Werkbladen en snijplanken reinigen en desinfecteren"",""Gedaan"",""21:03"","""""
"dagelijks,""17/04/2026"",""Yorick"",""Kookapparatuur (fornuis, oven, grill) schoonmaken"",""Gedaan"",""21:03"","""""
"dagelijks,""17/04/2026"",""Yorick"",""Vloeren schrobben"",""Gedaan"",""21:03"","""""
"dagelijks,""17/04/2026"",""Yorick"",""Koelkasten controleren en morsen verwijderen"",""Gedaan"",""21:03"","""""
"dagelijks,""17/04/2026"",""Yorick"",""Afvalbakken legen en reinigen"",""Gedaan"",""21:03"","""""
"dagelijks,""17/04/2026"",""Yorick"",""Handwasbakjes schoonmaken en bijvullen (zeep, papier)"",""Gedaan"",""21:03"","""""
"dagelijks,""17/04/2026"",""Yorick"",""Vaatwas station schoonmaken en alle vaatwas wegruimen"",""Gedaan"",""21:03"","""""
"dagelijks,""18/04/2026"",""Yorick"",""Werkbladen en snijplanken reinigen en desinfecteren"",""Gedaan"",""22:43"","""""
"dagelijks,""18/04/2026"",""Yorick"",""Kookapparatuur (fornuis, oven, grill) schoonmaken"",""Gedaan"",""22:43"","""""
"dagelijks,""18/04/2026"",""Yorick"",""Vloeren schrobben"",""Gedaan"",""22:43"","""""
"dagelijks,""18/04/2026"",""Yorick"",""Koelkasten controleren en morsen verwijderen"",""Gedaan"",""22:43"","""""
"dagelijks,""18/04/2026"",""Yorick"",""Afvalbakken legen en reinigen"",""Gedaan"",""22:43"","""""
"dagelijks,""18/04/2026"",""Yorick"",""Handwasbakjes schoonmaken en bijvullen (zeep, papier)"",""Gedaan"",""22:43"","""""
"dagelijks,""18/04/2026"",""Yorick"",""Vaatwas station schoonmaken en alle vaatwas wegruimen"",""Gedaan"",""22:43"","""""
"dagelijks,""19/04/2026"",""Yorick"",""Werkbladen en snijplanken reinigen en desinfecteren"",""Gedaan"",""22:19"","""""
"dagelijks,""19/04/2026"",""Yorick"",""Kookapparatuur (fornuis, oven, grill) schoonmaken"",""Gedaan"",""22:19"","""""
"dagelijks,""19/04/2026"",""Yorick"",""Vloeren schrobben"",""Gedaan"",""22:19"","""""
"dagelijks,""19/04/2026"",""Yorick"",""Koelkasten controleren en morsen verwijderen"",""Gedaan"",""22:19"","""""
"dagelijks,""19/04/2026"",""Yorick"",""Afvalbakken legen en reinigen"",""Gedaan"",""22:19"","""""
"dagelijks,""19/04/2026"",""Yorick"",""Handwasbakjes schoonmaken en bijvullen (zeep, papier)"",""Gedaan"",""22:19"","""""
"dagelijks,""19/04/2026"",""Yorick"",""Vaatwas station schoonmaken en alle vaatwas wegruimen"",""Gedaan"",""22:19"","""""
"dagelijks,""20/04/2026"",""Yorick"",""Werkbladen en snijplanken reinigen en desinfecteren"",""Gedaan"",""20:15"","""""
"dagelijks,""20/04/2026"",""Yorick"",""Kookapparatuur (fornuis, oven, grill) schoonmaken"",""Gedaan"",""20:15"","""""
"dagelijks,""20/04/2026"",""Yorick"",""Vloeren schrobben"",""Gedaan"",""20:15"","""""
"dagelijks,""20/04/2026"",""Yorick"",""Koelkasten controleren en morsen verwijderen"",""Gedaan"",""20:15"","""""
"dagelijks,""20/04/2026"",""Yorick"",""Afvalbakken legen en reinigen"",""Gedaan"",""20:15"","""""
"dagelijks,""20/04/2026"",""Yorick"",""Handwasbakjes schoonmaken en bijvullen (zeep, papier)"",""Gedaan"",""20:15"","""""
"dagelijks,""20/04/2026"",""Yorick"",""Vaatwas station schoonmaken en alle vaatwas wegruimen"",""Gedaan"",""20:15"","""""
"dagelijks,""21/04/2026"",""Yorick"",""Werkbladen en snijplanken reinigen en desinfecteren"",""Gedaan"",""20:30"","""""
"dagelijks,""21/04/2026"",""Yorick"",""Kookapparatuur (fornuis, oven, grill) schoonmaken"",""Gedaan"",""20:30"","""""
"dagelijks,""21/04/2026"",""Yorick"",""Vloeren schrobben"",""Gedaan"",""20:30"","""""
"dagelijks,""21/04/2026"",""Yorick"",""Koelkasten controleren en morsen verwijderen"",""Gedaan"",""20:30"","""""
"dagelijks,""21/04/2026"",""Yorick"",""Afvalbakken legen en reinigen"",""Gedaan"",""20:30"","""""
"dagelijks,""21/04/2026"",""Yorick"",""Handwasbakjes schoonmaken en bijvullen (zeep, papier)"",""Gedaan"",""20:30"","""""
"dagelijks,""21/04/2026"",""Yorick"",""Vaatwas station schoonmaken en alle vaatwas wegruimen"",""Gedaan"",""20:30"","""""
"dagelijks,""22/04/2026"",""Yorick"",""Werkbladen en snijplanken reinigen en desinfecteren"",""Gedaan"",""20:19"","""""
"dagelijks,""22/04/2026"",""Yorick"",""Kookapparatuur (fornuis, oven, grill) schoonmaken"",""Gedaan"",""20:19"","""""
"dagelijks,""22/04/2026"",""Yorick"",""Vloeren schrobben"",""Gedaan"",""20:19"","""""
"dagelijks,""22/04/2026"",""Yorick"",""Koelkasten controleren en morsen verwijderen"",""Gedaan"",""20:19"","""""
"dagelijks,""22/04/2026"",""Yorick"",""Afvalbakken legen en reinigen"",""Gedaan"",""20:19"","""""
"dagelijks,""22/04/2026"",""Yorick"",""Handwasbakjes schoonmaken en bijvullen (zeep, papier)"",""Gedaan"",""20:19"","""""
"dagelijks,""22/04/2026"",""Yorick"",""Vaatwas station schoonmaken en alle vaatwas wegruimen"",""Gedaan"",""20:19"","""""
"dagelijks,""23/04/2026"",""Yorick"",""Werkbladen en snijplanken reinigen en desinfecteren"",""Gedaan"",""22:08"","""""
"dagelijks,""23/04/2026"",""Yorick"",""Kookapparatuur (fornuis, oven, grill) schoonmaken"",""Gedaan"",""22:08"","""""
"dagelijks,""23/04/2026"",""Yorick"",""Vloeren schrobben"",""Gedaan"",""22:08"","""""
"dagelijks,""23/04/2026"",""Yorick"",""Koelkasten controleren en morsen verwijderen"",""Gedaan"",""22:08"","""""
"dagelijks,""23/04/2026"",""Yorick"",""Afvalbakken legen en reinigen"",""Gedaan"",""22:08"","""""
"dagelijks,""23/04/2026"",""Yorick"",""Handwasbakjes schoonmaken en bijvullen (zeep, papier)"",""Gedaan"",""22:08"","""""
"dagelijks,""23/04/2026"",""Yorick"",""Vaatwas station schoonmaken en alle vaatwas wegruimen"",""Gedaan"",""22:08"","""""
"dagelijks,""24/04/2026"",""Yorick"",""Werkbladen en snijplanken reinigen en desinfecteren"",""Gedaan"",""21:14"","""""
"dagelijks,""24/04/2026"",""Yorick"",""Kookapparatuur (fornuis, oven, grill) schoonmaken"",""Gedaan"",""21:14"","""""
"dagelijks,""24/04/2026"",""Yorick"",""Vloeren schrobben"",""Gedaan"",""21:14"","""""
"dagelijks,""24/04/2026"",""Yorick"",""Koelkasten controleren en morsen verwijderen"",""Gedaan"",""21:14"","""""
"dagelijks,""24/04/2026"",""Yorick"",""Afvalbakken legen en reinigen"",""Gedaan"",""21:14"","""""
"dagelijks,""24/04/2026"",""Yorick"",""Handwasbakjes schoonmaken en bijvullen (zeep, papier)"",""Gedaan"",""21:14"","""""
"dagelijks,""24/04/2026"",""Yorick"",""Vaatwas station schoonmaken en alle vaatwas wegruimen"",""Gedaan"",""21:14"","""""
"dagelijks,""25/04/2026"",""Yorick"",""Werkbladen en snijplanken reinigen en desinfecteren"",""Gedaan"",""21:39"","""""
"dagelijks,""25/04/2026"",""Yorick"",""Kookapparatuur (fornuis, oven, grill) schoonmaken"",""Gedaan"",""21:39"","""""
"dagelijks,""25/04/2026"",""Yorick"",""Vloeren schrobben"",""Gedaan"",""21:39"","""""
"dagelijks,""25/04/2026"",""Yorick"",""Koelkasten controleren en morsen verwijderen"",""Gedaan"",""21:39"","""""
"dagelijks,""25/04/2026"",""Yorick"",""Afvalbakken legen en reinigen"",""Gedaan"",""21:39"","""""
"dagelijks,""25/04/2026"",""Yorick"",""Handwasbakjes schoonmaken en bijvullen (zeep, papier)"",""Gedaan"",""21:39"","""""
"dagelijks,""25/04/2026"",""Yorick"",""Vaatwas station schoonmaken en alle vaatwas wegruimen"",""Gedaan"",""21:39"","""""
"dagelijks,""26/04/2026"",""Yorick"",""Werkbladen en snijplanken reinigen en desinfecteren"",""Gedaan"",""22:17"","""""
"dagelijks,""26/04/2026"",""Yorick"",""Kookapparatuur (fornuis, oven, grill) schoonmaken"",""Gedaan"",""22:17"","""""
"dagelijks,""26/04/2026"",""Yorick"",""Vloeren schrobben"",""Gedaan"",""22:17"","""""
"dagelijks,""26/04/2026"",""Yorick"",""Koelkasten controleren en morsen verwijderen"",""Gedaan"",""22:17"","""""
"dagelijks,""26/04/2026"",""Yorick"",""Afvalbakken legen en reinigen"",""Gedaan"",""22:17"","""""
"dagelijks,""26/04/2026"",""Yorick"",""Handwasbakjes schoonmaken en bijvullen (zeep, papier)"",""Gedaan"",""22:17"","""""
"dagelijks,""26/04/2026"",""Yorick"",""Vaatwas station schoonmaken en alle vaatwas wegruimen"",""Gedaan"",""22:17"","""""
"dagelijks,""27/04/2026"",""Yorick"",""Werkbladen en snijplanken reinigen en desinfecteren"",""Gedaan"",""21:53"","""""
"dagelijks,""27/04/2026"",""Yorick"",""Kookapparatuur (fornuis, oven, grill) schoonmaken"",""Gedaan"",""21:53"","""""
"dagelijks,""27/04/2026"",""Yorick"",""Vloeren schrobben"",""Gedaan"",""21:53"","""""
"dagelijks,""27/04/2026"",""Yorick"",""Koelkasten controleren en morsen verwijderen"",""Gedaan"",""21:53"","""""
"dagelijks,""27/04/2026"",""Yorick"",""Afvalbakken legen en reinigen"",""Gedaan"",""21:53"","""""
"dagelijks,""27/04/2026"",""Yorick"",""Handwasbakjes schoonmaken en bijvullen (zeep, papier)"",""Gedaan"",""21:53"","""""
"dagelijks,""27/04/2026"",""Yorick"",""Vaatwas station schoonmaken en alle vaatwas wegruimen"",""Gedaan"",""21:53"","""""
"dagelijks,""28/04/2026"",""Yorick"",""Werkbladen en snijplanken reinigen en desinfecteren"",""Gedaan"",""22:11"","""""
"dagelijks,""28/04/2026"",""Yorick"",""Kookapparatuur (fornuis, oven, grill) schoonmaken"",""Gedaan"",""22:11"","""""
"dagelijks,""28/04/2026"",""Yorick"",""Vloeren schrobben"",""Gedaan"",""22:11"","""""
"dagelijks,""28/04/2026"",""Yorick"",""Koelkasten controleren en morsen verwijderen"",""Gedaan"",""22:11"","""""
"dagelijks,""28/04/2026"",""Yorick"",""Afvalbakken legen en reinigen"",""Gedaan"",""22:11"","""""
"dagelijks,""28/04/2026"",""Yorick"",""Handwasbakjes schoonmaken en bijvullen (zeep, papier)"",""Gedaan"",""22:11"","""""
"dagelijks,""28/04/2026"",""Yorick"",""Vaatwas station schoonmaken en alle vaatwas wegruimen"",""Gedaan"",""22:11"","""""
"dagelijks,""29/04/2026"",""Yorick"",""Werkbladen en snijplanken reinigen en desinfecteren"",""Gedaan"",""20:50"","""""
"dagelijks,""29/04/2026"",""Yorick"",""Kookapparatuur (fornuis, oven, grill) schoonmaken"",""Gedaan"",""20:50"","""""
"dagelijks,""29/04/2026"",""Yorick"",""Vloeren schrobben"",""Gedaan"",""20:50"","""""
"dagelijks,""29/04/2026"",""Yorick"",""Koelkasten controleren en morsen verwijderen"",""Gedaan"",""20:50"","""""
"dagelijks,""29/04/2026"",""Yorick"",""Afvalbakken legen en reinigen"",""Gedaan"",""20:50"","""""
"dagelijks,""29/04/2026"",""Yorick"",""Handwasbakjes schoonmaken en bijvullen (zeep, papier)"",""Gedaan"",""20:50"","""""
"dagelijks,""29/04/2026"",""Yorick"",""Vaatwas station schoonmaken en alle vaatwas wegruimen"",""Gedaan"",""20:50"","""""
"dagelijks,""30/04/2026"",""Yorick"",""Werkbladen en snijplanken reinigen en desinfecteren"",""Gedaan"",""20:19"","""""
"dagelijks,""30/04/2026"",""Yorick"",""Kookapparatuur (fornuis, oven, grill) schoonmaken"",""Gedaan"",""20:19"","""""
"dagelijks,""30/04/2026"",""Yorick"",""Vloeren schrobben"",""Gedaan"",""20:19"","""""
"dagelijks,""30/04/2026"",""Yorick"",""Koelkasten controleren en morsen verwijderen"",""Gedaan"",""20:19"","""""
"dagelijks,""30/04/2026"",""Yorick"",""Afvalbakken legen en reinigen"",""Gedaan"",""20:19"","""""
"dagelijks,""30/04/2026"",""Yorick"",""Handwasbakjes schoonmaken en bijvullen (zeep, papier)"",""Gedaan"",""20:19"","""""
"dagelijks,""30/04/2026"",""Yorick"",""Vaatwas station schoonmaken en alle vaatwas wegruimen"",""Gedaan"",""20:19"","""""
"dagelijks,""01/05/2026"",""Yorick"",""Werkbladen en snijplanken reinigen en desinfecteren"",""Gedaan"",""20:32"","""""
"dagelijks,""01/05/2026"",""Yorick"",""Kookapparatuur (fornuis, oven, grill) schoonmaken"",""Gedaan"",""20:32"","""""
"dagelijks,""01/05/2026"",""Yorick"",""Vloeren schrobben"",""Gedaan"",""20:32"","""""
"dagelijks,""01/05/2026"",""Yorick"",""Koelkasten controleren en morsen verwijderen"",""Gedaan"",""20:32"","""""
"dagelijks,""01/05/2026"",""Yorick"",""Afvalbakken legen en reinigen"",""Gedaan"",""20:32"","""""
"dagelijks,""01/05/2026"",""Yorick"",""Handwasbakjes schoonmaken en bijvullen (zeep, papier)"",""Gedaan"",""20:32"","""""
"dagelijks,""01/05/2026"",""Yorick"",""Vaatwas station schoonmaken en alle vaatwas wegruimen"",""Gedaan"",""20:32"","""""
"dagelijks,""02/05/2026"",""Yorick"",""Werkbladen en snijplanken reinigen en desinfecteren"",""Gedaan"",""22:43"","""""
"dagelijks,""02/05/2026"",""Yorick"",""Kookapparatuur (fornuis, oven, grill) schoonmaken"",""Gedaan"",""22:43"","""""
"dagelijks,""02/05/2026"",""Yorick"",""Vloeren schrobben"",""Gedaan"",""22:43"","""""
"dagelijks,""02/05/2026"",""Yorick"",""Koelkasten controleren en morsen verwijderen"",""Gedaan"",""22:43"","""""
"dagelijks,""02/05/2026"",""Yorick"",""Afvalbakken legen en reinigen"",""Gedaan"",""22:43"","""""
"dagelijks,""02/05/2026"",""Yorick"",""Handwasbakjes schoonmaken en bijvullen (zeep, papier)"",""Gedaan"",""22:43"","""""
"dagelijks,""02/05/2026"",""Yorick"",""Vaatwas station schoonmaken en alle vaatwas wegruimen"",""Gedaan"",""22:43"","""""
"dagelijks,""03/05/2026"",""Yorick"",""Werkbladen en snijplanken reinigen en desinfecteren"",""Gedaan"",""22:49"","""""
"dagelijks,""03/05/2026"",""Yorick"",""Kookapparatuur (fornuis, oven, grill) schoonmaken"",""Gedaan"",""22:49"","""""
"dagelijks,""03/05/2026"",""Yorick"",""Vloeren schrobben"",""Gedaan"",""22:49"","""""
"dagelijks,""03/05/2026"",""Yorick"",""Koelkasten controleren en morsen verwijderen"",""Gedaan"",""22:49"","""""
"dagelijks,""03/05/2026"",""Yorick"",""Afvalbakken legen en reinigen"",""Gedaan"",""22:49"","""""
"dagelijks,""03/05/2026"",""Yorick"",""Handwasbakjes schoonmaken en bijvullen (zeep, papier)"",""Gedaan"",""22:49"","""""
"dagelijks,""03/05/2026"",""Yorick"",""Vaatwas station schoonmaken en alle vaatwas wegruimen"",""Gedaan"",""22:49"","""""
"dagelijks,""04/05/2026"",""Yorick"",""Werkbladen en snijplanken reinigen en desinfecteren"",""Gedaan"",""21:29"","""""
"dagelijks,""04/05/2026"",""Yorick"",""Kookapparatuur (fornuis, oven, grill) schoonmaken"",""Gedaan"",""21:29"","""""
"dagelijks,""04/05/2026"",""Yorick"",""Vloeren schrobben"",""Gedaan"",""21:29"","""""
"dagelijks,""04/05/2026"",""Yorick"",""Koelkasten controleren en morsen verwijderen"",""Gedaan"",""21:29"","""""
"dagelijks,""04/05/2026"",""Yorick"",""Afvalbakken legen en reinigen"",""Gedaan"",""21:29"","""""
"dagelijks,""04/05/2026"",""Yorick"",""Handwasbakjes schoonmaken en bijvullen (zeep, papier)"",""Gedaan"",""21:29"","""""
"dagelijks,""04/05/2026"",""Yorick"",""Vaatwas station schoonmaken en alle vaatwas wegruimen"",""Gedaan"",""21:29"","""""
"dagelijks,""05/05/2026"",""Yorick"",""Werkbladen en snijplanken reinigen en desinfecteren"",""Gedaan"",""21:23"","""""
"dagelijks,""05/05/2026"",""Yorick"",""Kookapparatuur (fornuis, oven, grill) schoonmaken"",""Gedaan"",""21:23"","""""
"dagelijks,""05/05/2026"",""Yorick"",""Vloeren schrobben"",""Gedaan"",""21:23"","""""
"dagelijks,""05/05/2026"",""Yorick"",""Koelkasten controleren en morsen verwijderen"",""Gedaan"",""21:23"","""""
"dagelijks,""05/05/2026"",""Yorick"",""Afvalbakken legen en reinigen"",""Gedaan"",""21:23"","""""
"dagelijks,""05/05/2026"",""Yorick"",""Handwasbakjes schoonmaken en bijvullen (zeep, papier)"",""Gedaan"",""21:23"","""""
"dagelijks,""05/05/2026"",""Yorick"",""Vaatwas station schoonmaken en alle vaatwas wegruimen"",""Gedaan"",""21:23"","""""
"dagelijks,""06/05/2026"",""Yorick"",""Werkbladen en snijplanken reinigen en desinfecteren"",""Gedaan"",""21:41"","""""
"dagelijks,""06/05/2026"",""Yorick"",""Kookapparatuur (fornuis, oven, grill) schoonmaken"",""Gedaan"",""21:41"","""""
"dagelijks,""06/05/2026"",""Yorick"",""Vloeren schrobben"",""Gedaan"",""21:41"","""""
"dagelijks,""06/05/2026"",""Yorick"",""Koelkasten controleren en morsen verwijderen"",""Gedaan"",""21:41"","""""
"dagelijks,""06/05/2026"",""Yorick"",""Afvalbakken legen en reinigen"",""Gedaan"",""21:41"","""""
"dagelijks,""06/05/2026"",""Yorick"",""Handwasbakjes schoonmaken en bijvullen (zeep, papier)"",""Gedaan"",""21:41"","""""
"dagelijks,""06/05/2026"",""Yorick"",""Vaatwas station schoonmaken en alle vaatwas wegruimen"",""Gedaan"",""21:41"","""""
"dagelijks,""07/05/2026"",""Yorick"",""Werkbladen en snijplanken reinigen en desinfecteren"",""Gedaan"",""22:03"","""""
"dagelijks,""07/05/2026"",""Yorick"",""Kookapparatuur (fornuis, oven, grill) schoonmaken"",""Gedaan"",""22:03"","""""
"dagelijks,""07/05/2026"",""Yorick"",""Vloeren schrobben"",""Gedaan"",""22:03"","""""
"dagelijks,""07/05/2026"",""Yorick"",""Koelkasten controleren en morsen verwijderen"",""Gedaan"",""22:03"","""""
"dagelijks,""07/05/2026"",""Yorick"",""Afvalbakken legen en reinigen"",""Gedaan"",""22:03"","""""
"dagelijks,""07/05/2026"",""Yorick"",""Handwasbakjes schoonmaken en bijvullen (zeep, papier)"",""Gedaan"",""22:03"","""""
"dagelijks,""07/05/2026"",""Yorick"",""Vaatwas station schoonmaken en alle vaatwas wegruimen"",""Gedaan"",""22:03"","""""
"dagelijks,""08/05/2026"",""Yorick"",""Werkbladen en snijplanken reinigen en desinfecteren"",""Gedaan"",""20:56"","""""
"dagelijks,""08/05/2026"",""Yorick"",""Kookapparatuur (fornuis, oven, grill) schoonmaken"",""Gedaan"",""20:56"","""""
"dagelijks,""08/05/2026"",""Yorick"",""Vloeren schrobben"",""Gedaan"",""20:56"","""""
"dagelijks,""08/05/2026"",""Yorick"",""Koelkasten controleren en morsen verwijderen"",""Gedaan"",""20:56"","""""
"dagelijks,""08/05/2026"",""Yorick"",""Afvalbakken legen en reinigen"",""Gedaan"",""20:56"","""""
"dagelijks,""08/05/2026"",""Yorick"",""Handwasbakjes schoonmaken en bijvullen (zeep, papier)"",""Gedaan"",""20:56"","""""
"dagelijks,""08/05/2026"",""Yorick"",""Vaatwas station schoonmaken en alle vaatwas wegruimen"",""Gedaan"",""20:56"","""""
"dagelijks,""09/05/2026"",""Yorick"",""Werkbladen en snijplanken reinigen en desinfecteren"",""Gedaan"",""22:43"","""""
"dagelijks,""09/05/2026"",""Yorick"",""Kookapparatuur (fornuis, oven, grill) schoonmaken"",""Gedaan"",""22:43"","""""
"dagelijks,""09/05/2026"",""Yorick"",""Vloeren schrobben"",""Gedaan"",""22:43"","""""
"dagelijks,""09/05/2026"",""Yorick"",""Koelkasten controleren en morsen verwijderen"",""Gedaan"",""22:43"","""""
"dagelijks,""09/05/2026"",""Yorick"",""Afvalbakken legen en reinigen"",""Gedaan"",""22:43"","""""
"dagelijks,""09/05/2026"",""Yorick"",""Handwasbakjes schoonmaken en bijvullen (zeep, papier)"",""Gedaan"",""22:43"","""""
"dagelijks,""09/05/2026"",""Yorick"",""Vaatwas station schoonmaken en alle vaatwas wegruimen"",""Gedaan"",""22:43"","""""
"dagelijks,""10/05/2026"",""Yorick"",""Werkbladen en snijplanken reinigen en desinfecteren"",""Gedaan"",""21:13"","""""
"dagelijks,""10/05/2026"",""Yorick"",""Kookapparatuur (fornuis, oven, grill) schoonmaken"",""Gedaan"",""21:13"","""""
"dagelijks,""10/05/2026"",""Yorick"",""Vloeren schrobben"",""Gedaan"",""21:13"","""""
"dagelijks,""10/05/2026"",""Yorick"",""Koelkasten controleren en morsen verwijderen"",""Gedaan"",""21:13"","""""
"dagelijks,""10/05/2026"",""Yorick"",""Afvalbakken legen en reinigen"",""Gedaan"",""21:13"","""""
"dagelijks,""10/05/2026"",""Yorick"",""Handwasbakjes schoonmaken en bijvullen (zeep, papier)"",""Gedaan"",""21:13"","""""
"dagelijks,""10/05/2026"",""Yorick"",""Vaatwas station schoonmaken en alle vaatwas wegruimen"",""Gedaan"",""21:13"","""""
"dagelijks,""11/05/2026"",""Yorick"",""Werkbladen en snijplanken reinigen en desinfecteren"",""Gedaan"",""21:35"","""""
"dagelijks,""11/05/2026"",""Yorick"",""Kookapparatuur (fornuis, oven, grill) schoonmaken"",""Gedaan"",""21:35"","""""
"dagelijks,""11/05/2026"",""Yorick"",""Vloeren schrobben"",""Gedaan"",""21:35"","""""
"dagelijks,""11/05/2026"",""Yorick"",""Koelkasten controleren en morsen verwijderen"",""Gedaan"",""21:35"","""""
"dagelijks,""11/05/2026"",""Yorick"",""Afvalbakken legen en reinigen"",""Gedaan"",""21:35"","""""
"dagelijks,""11/05/2026"",""Yorick"",""Handwasbakjes schoonmaken en bijvullen (zeep, papier)"",""Gedaan"",""21:35"","""""
"dagelijks,""11/05/2026"",""Yorick"",""Vaatwas station schoonmaken en alle vaatwas wegruimen"",""Gedaan"",""21:35"","""""
"dagelijks,""12/05/2026"",""Yorick"",""Werkbladen en snijplanken reinigen en desinfecteren"",""Gedaan"",""22:56"","""""
"dagelijks,""12/05/2026"",""Yorick"",""Kookapparatuur (fornuis, oven, grill) schoonmaken"",""Gedaan"",""22:56"","""""
"dagelijks,""12/05/2026"",""Yorick"",""Vloeren schrobben"",""Gedaan"",""22:56"","""""
"dagelijks,""12/05/2026"",""Yorick"",""Koelkasten controleren en morsen verwijderen"",""Gedaan"",""22:56"","""""
"dagelijks,""12/05/2026"",""Yorick"",""Afvalbakken legen en reinigen"",""Gedaan"",""22:56"","""""
"dagelijks,""12/05/2026"",""Yorick"",""Handwasbakjes schoonmaken en bijvullen (zeep, papier)"",""Gedaan"",""22:56"","""""
"dagelijks,""12/05/2026"",""Yorick"",""Vaatwas station schoonmaken en alle vaatwas wegruimen"",""Gedaan"",""22:56"","""""
"dagelijks,""13/05/2026"",""Yorick"",""Werkbladen en snijplanken reinigen en desinfecteren"",""Gedaan"",""22:43"","""""
"dagelijks,""13/05/2026"",""Yorick"",""Kookapparatuur (fornuis, oven, grill) schoonmaken"",""Gedaan"",""22:43"","""""
"dagelijks,""13/05/2026"",""Yorick"",""Vloeren schrobben"",""Gedaan"",""22:43"","""""
"dagelijks,""13/05/2026"",""Yorick"",""Koelkasten controleren en morsen verwijderen"",""Gedaan"",""22:43"","""""
"dagelijks,""13/05/2026"",""Yorick"",""Afvalbakken legen en reinigen"",""Gedaan"",""22:43"","""""
"dagelijks,""13/05/2026"",""Yorick"",""Handwasbakjes schoonmaken en bijvullen (zeep, papier)"",""Gedaan"",""22:43"","""""
"dagelijks,""13/05/2026"",""Yorick"",""Vaatwas station schoonmaken en alle vaatwas wegruimen"",""Gedaan"",""22:43"","""""
"dagelijks,""14/05/2026"",""Yorick"",""Werkbladen en snijplanken reinigen en desinfecteren"",""Gedaan"",""22:44"","""""
"dagelijks,""14/05/2026"",""Yorick"",""Kookapparatuur (fornuis, oven, grill) schoonmaken"",""Gedaan"",""22:44"","""""
"dagelijks,""14/05/2026"",""Yorick"",""Vloeren schrobben"",""Gedaan"",""22:44"","""""
"dagelijks,""14/05/2026"",""Yorick"",""Koelkasten controleren en morsen verwijderen"",""Gedaan"",""22:44"","""""
"dagelijks,""14/05/2026"",""Yorick"",""Afvalbakken legen en reinigen"",""Gedaan"",""22:44"","""""
"dagelijks,""14/05/2026"",""Yorick"",""Handwasbakjes schoonmaken en bijvullen (zeep, papier)"",""Gedaan"",""22:44"","""""
"dagelijks,""14/05/2026"",""Yorick"",""Vaatwas station schoonmaken en alle vaatwas wegruimen"",""Gedaan"",""22:44"","""""